InvoiceNo,StockCode,Description,Quantity,UnitPrice,CustomerID,Country,TotalPrice,InvoiceDate,length_stockcode,length_invoiceno,invoiceno_letter1
536941,22734,amazon,20,0.0,,United Kingdom,0.0,2010-12-03,5,6,5
536942,22139,amazon,15,0.0,,United Kingdom,0.0,2010-12-03,5,6,5
537032,21275,?,-30,0.0,,United Kingdom,-0.0,2010-12-03,5,6,5
537425,84968F,check,-20,0.0,,United Kingdom,-0.0,2010-12-06,6,6,5
537426,84968E,check,-35,0.0,,United Kingdom,-0.0,2010-12-06,6,6,5
537432,35833G,damages,-43,0.0,,United Kingdom,-0.0,2010-12-06,6,6,5
537534,85064,CREAM SWEETHEART LETTER RACK,1,0.0,,United Kingdom,0.0,2010-12-07,5,6,5
537534,84832,ZINC WILLIE WINKIE  CANDLE STICK,1,0.0,,United Kingdom,0.0,2010-12-07,5,6,5
537534,84692,BOX OF 24 COCKTAIL PARASOLS,2,0.0,,United Kingdom,0.0,2010-12-07,5,6,5
537534,48184,DOORMAT ENGLISH ROSE ,3,0.0,,United Kingdom,0.0,2010-12-07,5,6,5
537534,48111,DOORMAT 3 SMILEY CATS,1,0.0,,United Kingdom,0.0,2010-12-07,5,6,5
537534,22697,GREEN REGENCY TEACUP AND SAUCER,1,0.0,,United Kingdom,0.0,2010-12-07,5,6,5
537534,22682,FRENCH BLUE METAL DOOR SIGN 7,1,0.0,,United Kingdom,0.0,2010-12-07,5,6,5
537534,22680,FRENCH BLUE METAL DOOR SIGN 5,1,0.0,,United Kingdom,0.0,2010-12-07,5,6,5
537534,22681,FRENCH BLUE METAL DOOR SIGN 6,2,0.0,,United Kingdom,0.0,2010-12-07,5,6,5
537534,22679,FRENCH BLUE METAL DOOR SIGN 4,5,0.0,,United Kingdom,0.0,2010-12-07,5,6,5
537534,22686,FRENCH BLUE METAL DOOR SIGN No,2,0.0,,United Kingdom,0.0,2010-12-07,5,6,5
537534,22683,FRENCH BLUE METAL DOOR SIGN 8,3,0.0,,United Kingdom,0.0,2010-12-07,5,6,5
537534,22676,FRENCH BLUE METAL DOOR SIGN 1,3,0.0,,United Kingdom,0.0,2010-12-07,5,6,5
537534,22625,RED KITCHEN SCALES,1,0.0,,United Kingdom,0.0,2010-12-07,5,6,5
537534,22624,IVORY KITCHEN SCALES,3,0.0,,United Kingdom,0.0,2010-12-07,5,6,5
537534,22619,SET OF 6 SOLDIER SKITTLES,1,0.0,,United Kingdom,0.0,2010-12-07,5,6,5
537534,22520,CHILDS GARDEN TROWEL BLUE ,1,0.0,,United Kingdom,0.0,2010-12-07,5,6,5
537534,22524,CHILDRENS GARDEN GLOVES BLUE,3,0.0,,United Kingdom,0.0,2010-12-07,5,6,5
537534,22502,PICNIC BASKET WICKER SMALL,29,0.0,,United Kingdom,0.0,2010-12-07,5,6,5
537534,22501,PICNIC BASKET WICKER LARGE,2,0.0,,United Kingdom,0.0,2010-12-07,5,6,5
537534,22476,EMPIRE UNION JACK TV DINNER TRAY,1,0.0,,United Kingdom,0.0,2010-12-07,5,6,5
537534,22473,TV DINNER TRAY VINTAGE PAISLEY,1,0.0,,United Kingdom,0.0,2010-12-07,5,6,5
537534,22474,SPACEBOY TV DINNER TRAY,1,0.0,,United Kingdom,0.0,2010-12-07,5,6,5
537534,22472,TV DINNER TRAY DOLLY GIRL,1,0.0,,United Kingdom,0.0,2010-12-07,5,6,5
537534,22514,CHILDS GARDEN SPADE BLUE,1,0.0,,United Kingdom,0.0,2010-12-07,5,6,5
537534,22516,CHILDS GARDEN RAKE BLUE,1,0.0,,United Kingdom,0.0,2010-12-07,5,6,5
537534,22432,WATERING CAN PINK BUNNY,1,0.0,,United Kingdom,0.0,2010-12-07,5,6,5
537534,22428,ENAMEL FIRE BUCKET CREAM,3,0.0,,United Kingdom,0.0,2010-12-07,5,6,5
537534,22427,ENAMEL FLOWER JUG CREAM,1,0.0,,United Kingdom,0.0,2010-12-07,5,6,5
537534,22376,AIRLINE BAG VINTAGE JET SET WHITE,1,0.0,,United Kingdom,0.0,2010-12-07,5,6,5
537534,22375,AIRLINE BAG VINTAGE JET SET BROWN,1,0.0,,United Kingdom,0.0,2010-12-07,5,6,5
537534,22372,AIRLINE BAG VINTAGE WORLD CHAMPION ,1,0.0,,United Kingdom,0.0,2010-12-07,5,6,5
537534,22371,AIRLINE BAG VINTAGE TOKYO 78,5,0.0,,United Kingdom,0.0,2010-12-07,5,6,5
537534,22620,4 TRADITIONAL SPINNING TOPS,1,0.0,,United Kingdom,0.0,2010-12-07,5,6,5
537534,22624,IVORY KITCHEN SCALES,1,0.0,,United Kingdom,0.0,2010-12-07,5,6,5
537534,22109,FULL ENGLISH BREAKFAST PLATE,1,0.0,,United Kingdom,0.0,2010-12-07,5,6,5
537534,22367,CHILDRENS APRON SPACEBOY DESIGN,1,0.0,,United Kingdom,0.0,2010-12-07,5,6,5
537534,22366,DOORMAT AIRMAIL ,1,0.0,,United Kingdom,0.0,2010-12-07,5,6,5
537534,22364,GLASS JAR DIGESTIVE BISCUITS,1,0.0,,United Kingdom,0.0,2010-12-07,5,6,5
537534,22362,GLASS JAR PEACOCK BATH SALTS,3,0.0,,United Kingdom,0.0,2010-12-07,5,6,5
537534,22360,GLASS JAR ENGLISH CONFECTIONERY,1,0.0,,United Kingdom,0.0,2010-12-07,5,6,5
537534,22361,GLASS JAR DAISY FRESH COTTON WOOL,2,0.0,,United Kingdom,0.0,2010-12-07,5,6,5
537534,22359,GLASS JAR KINGS CHOICE,1,0.0,,United Kingdom,0.0,2010-12-07,5,6,5
537534,22353,LUNCH BOX WITH CUTLERY FAIRY CAKES ,1,0.0,,United Kingdom,0.0,2010-12-07,5,6,5
537534,22350,ILLUSTRATED CAT BOWL ,1,0.0,,United Kingdom,0.0,2010-12-07,5,6,5
537534,22327,ROUND SNACK BOXES SET OF 4 SKULLS,1,0.0,,United Kingdom,0.0,2010-12-07,5,6,5
537534,21116,OWL DOORSTOP,1,0.0,,United Kingdom,0.0,2010-12-07,5,6,5
537534,22202,MILK PAN PINK POLKADOT,2,0.0,,United Kingdom,0.0,2010-12-07,5,6,5
537534,22550,HOLIDAY FUN LUDO,1,0.0,,United Kingdom,0.0,2010-12-07,5,6,5
537534,21912,VINTAGE SNAKES & LADDERS,1,0.0,,United Kingdom,0.0,2010-12-07,5,6,5
537534,21891,TRADITIONAL WOODEN SKIPPING ROPE,1,0.0,,United Kingdom,0.0,2010-12-07,5,6,5
537534,21559,STRAWBERRY LUNCH BOX WITH CUTLERY,1,0.0,,United Kingdom,0.0,2010-12-07,5,6,5
537534,21531,RED RETROSPOT SUGAR JAM BOWL,2,0.0,,United Kingdom,0.0,2010-12-07,5,6,5
537534,20726,LUNCH BAG WOODLAND,1,0.0,,United Kingdom,0.0,2010-12-07,5,6,5
537534,20652,BLUE POLKADOT LUGGAGE TAG ,1,0.0,,United Kingdom,0.0,2010-12-07,5,6,5
537534,20615,BLUE POLKADOT PASSPORT COVER,1,0.0,,United Kingdom,0.0,2010-12-07,5,6,5
537639,22734,amazon,30,0.0,,United Kingdom,0.0,2010-12-07,5,6,5
537640,21232,STRAWBERRY CERAMIC TRINKET BOX,1,0.0,,United Kingdom,0.0,2010-12-07,5,6,5
538071,22585,PACK OF 6 BIRDY GIFT TAGS,1,0.0,,United Kingdom,0.0,2010-12-09,5,6,5
538072,22423,faulty,-13,0.0,,United Kingdom,-0.0,2010-12-09,5,6,5
538090,20956,?,-723,0.0,,United Kingdom,-0.0,2010-12-09,5,6,5
538161,46000S,Dotcom sales,-100,0.0,,United Kingdom,-0.0,2010-12-09,6,6,5
538162,46000M,Dotcom sales,-100,0.0,,United Kingdom,-0.0,2010-12-09,6,6,5
538348,22734,amazon,30,0.0,,United Kingdom,0.0,2010-12-10,5,6,5
538873,22734,amazon sales,20,0.0,,United Kingdom,0.0,2010-12-14,5,6,5
538877,21479,WHITE SKULL HOT WATER BOTTLE ,1,0.0,,United Kingdom,0.0,2010-12-14,5,6,5
538877,22112,CHOCOLATE HOT WATER BOTTLE,1,0.0,,United Kingdom,0.0,2010-12-14,5,6,5
538877,22356,CHARLOTTE BAG PINK POLKADOT,1,0.0,,United Kingdom,0.0,2010-12-14,5,6,5
539494,21479,?,752,0.0,,United Kingdom,0.0,2010-12-20,5,6,5
539611,85135B,Found,53,0.0,,United Kingdom,0.0,2010-12-20,6,6,5
539750,22114,HOT WATER BOTTLE TEA AND SYMPATHY,1,0.0,,United Kingdom,0.0,2010-12-21,5,6,5
539750,22652,TRAVEL SEWING KIT,1,0.0,,United Kingdom,0.0,2010-12-21,5,6,5
539750,21080,SET/20 RED RETROSPOT PAPER NAPKINS ,2,0.0,,United Kingdom,0.0,2010-12-21,5,6,5
539750,21481,FAWN BLUE HOT WATER BOTTLE,1,0.0,,United Kingdom,0.0,2010-12-21,5,6,5
539856,22444,GROW YOUR OWN PLANT IN A CAN ,1,0.0,,United Kingdom,0.0,2010-12-22,5,6,5
539856,20682,RED RETROSPOT CHILDRENS UMBRELLA,2,0.0,,United Kingdom,0.0,2010-12-22,5,6,5
539856,20724,RED RETROSPOT CHARLOTTE BAG,2,0.0,,United Kingdom,0.0,2010-12-22,5,6,5
539856,18098C,PORCELAIN BUTTERFLY OIL BURNER,2,0.0,,United Kingdom,0.0,2010-12-22,6,6,5
539856,85123A,WHITE HANGING HEART T-LIGHT HOLDER,1,0.0,,United Kingdom,0.0,2010-12-22,6,6,5
539856,84968E,SET OF 16 VINTAGE BLACK CUTLERY,1,0.0,,United Kingdom,0.0,2010-12-22,6,6,5
539856,84872A,TEATIME FUNKY FLOWER BACKPACK FOR 2,2,0.0,,United Kingdom,0.0,2010-12-22,6,6,5
539856,22518,CHILDS GARDEN BRUSH BLUE,1,0.0,,United Kingdom,0.0,2010-12-22,5,6,5
539856,84692,BOX OF 24 COCKTAIL PARASOLS,2,0.0,,United Kingdom,0.0,2010-12-22,5,6,5
539856,79321,CHILLI LIGHTS,1,0.0,,United Kingdom,0.0,2010-12-22,5,6,5
539856,48194,DOORMAT HEARTS,2,0.0,,United Kingdom,0.0,2010-12-22,5,6,5
539856,37333,"RETRO ""TEA FOR ONE"" ",1,0.0,,United Kingdom,0.0,2010-12-22,5,6,5
539856,22843,BISCUIT TIN VINTAGE GREEN,1,0.0,,United Kingdom,0.0,2010-12-22,5,6,5
539856,22842,BISCUIT TIN VINTAGE RED,1,0.0,,United Kingdom,0.0,2010-12-22,5,6,5
539856,22690,DOORMAT HOME SWEET HOME BLUE ,2,0.0,,United Kingdom,0.0,2010-12-22,5,6,5
539856,85099B,JUMBO BAG RED RETROSPOT,1,0.0,,United Kingdom,0.0,2010-12-22,6,6,5
539856,22685,FRENCH BLUE METAL DOOR SIGN 0,2,0.0,,United Kingdom,0.0,2010-12-22,5,6,5
539856,22684,FRENCH BLUE METAL DOOR SIGN 9,1,0.0,,United Kingdom,0.0,2010-12-22,5,6,5
539856,22686,FRENCH BLUE METAL DOOR SIGN No,2,0.0,,United Kingdom,0.0,2010-12-22,5,6,5
539856,22682,FRENCH BLUE METAL DOOR SIGN 7,3,0.0,,United Kingdom,0.0,2010-12-22,5,6,5
539856,22683,FRENCH BLUE METAL DOOR SIGN 8,2,0.0,,United Kingdom,0.0,2010-12-22,5,6,5
539856,22681,FRENCH BLUE METAL DOOR SIGN 6,1,0.0,,United Kingdom,0.0,2010-12-22,5,6,5
539856,22679,FRENCH BLUE METAL DOOR SIGN 4,2,0.0,,United Kingdom,0.0,2010-12-22,5,6,5
539856,22678,FRENCH BLUE METAL DOOR SIGN 3,2,0.0,,United Kingdom,0.0,2010-12-22,5,6,5
539856,22680,FRENCH BLUE METAL DOOR SIGN 5,1,0.0,,United Kingdom,0.0,2010-12-22,5,6,5
539856,22677,FRENCH BLUE METAL DOOR SIGN 2,6,0.0,,United Kingdom,0.0,2010-12-22,5,6,5
539856,22676,FRENCH BLUE METAL DOOR SIGN 1,5,0.0,,United Kingdom,0.0,2010-12-22,5,6,5
539856,22666,RECIPE BOX PANTRY YELLOW DESIGN,7,0.0,,United Kingdom,0.0,2010-12-22,5,6,5
539856,22665,RECIPE BOX BLUE SKETCHBOOK DESIGN,2,0.0,,United Kingdom,0.0,2010-12-22,5,6,5
539856,22650,CERAMIC PIRATE CHEST MONEY BANK,1,0.0,,United Kingdom,0.0,2010-12-22,5,6,5
539856,22647,CERAMIC LOVE HEART MONEY BANK,1,0.0,,United Kingdom,0.0,2010-12-22,5,6,5
539856,22626,BLACK KITCHEN SCALES,3,0.0,,United Kingdom,0.0,2010-12-22,5,6,5
539856,22625,RED KITCHEN SCALES,7,0.0,,United Kingdom,0.0,2010-12-22,5,6,5
539856,22624,IVORY KITCHEN SCALES,3,0.0,,United Kingdom,0.0,2010-12-22,5,6,5
539856,22619,SET OF 6 SOLDIER SKITTLES,1,0.0,,United Kingdom,0.0,2010-12-22,5,6,5
539856,22526,WHEELBARROW FOR CHILDREN ,1,0.0,,United Kingdom,0.0,2010-12-22,5,6,5
539856,22525,CHILDRENS GARDEN GLOVES PINK,3,0.0,,United Kingdom,0.0,2010-12-22,5,6,5
539856,22524,CHILDRENS GARDEN GLOVES BLUE,1,0.0,,United Kingdom,0.0,2010-12-22,5,6,5
539856,22514,CHILDS GARDEN SPADE BLUE,1,0.0,,United Kingdom,0.0,2010-12-22,5,6,5
539856,22512,DOORSTOP RACING CAR DESIGN,1,0.0,,United Kingdom,0.0,2010-12-22,5,6,5
539856,22475,SKULL DESIGN TV DINNER TRAY,5,0.0,,United Kingdom,0.0,2010-12-22,5,6,5
539856,22431,WATERING CAN BLUE ELEPHANT,1,0.0,,United Kingdom,0.0,2010-12-22,5,6,5
539856,22428,ENAMEL FIRE BUCKET CREAM,4,0.0,,United Kingdom,0.0,2010-12-22,5,6,5
539856,22426,ENAMEL WASH BOWL CREAM,2,0.0,,United Kingdom,0.0,2010-12-22,5,6,5
539856,22374,AIRLINE BAG VINTAGE JET SET RED,3,0.0,,United Kingdom,0.0,2010-12-22,5,6,5
539856,22375,AIRLINE BAG VINTAGE JET SET BROWN,3,0.0,,United Kingdom,0.0,2010-12-22,5,6,5
539856,22372,AIRLINE BAG VINTAGE WORLD CHAMPION ,1,0.0,,United Kingdom,0.0,2010-12-22,5,6,5
539856,22371,AIRLINE BAG VINTAGE TOKYO 78,3,0.0,,United Kingdom,0.0,2010-12-22,5,6,5
539856,22367,CHILDRENS APRON SPACEBOY DESIGN,2,0.0,,United Kingdom,0.0,2010-12-22,5,6,5
539856,22361,GLASS JAR DAISY FRESH COTTON WOOL,2,0.0,,United Kingdom,0.0,2010-12-22,5,6,5
539856,22360,GLASS JAR ENGLISH CONFECTIONERY,1,0.0,,United Kingdom,0.0,2010-12-22,5,6,5
539856,22357,KINGS CHOICE BISCUIT TIN,7,0.0,,United Kingdom,0.0,2010-12-22,5,6,5
539856,22350,ILLUSTRATED CAT BOWL ,1,0.0,,United Kingdom,0.0,2010-12-22,5,6,5
539856,22327,ROUND SNACK BOXES SET OF 4 SKULLS,1,0.0,,United Kingdom,0.0,2010-12-22,5,6,5
539856,22072,RED RETROSPOT TEA CUP AND SAUCER ,1,0.0,,United Kingdom,0.0,2010-12-22,5,6,5
539856,21912,VINTAGE SNAKES & LADDERS,1,0.0,,United Kingdom,0.0,2010-12-22,5,6,5
539856,21791,VINTAGE HEADS AND TAILS CARD GAME ,1,0.0,,United Kingdom,0.0,2010-12-22,5,6,5
539856,22550,HOLIDAY FUN LUDO,1,0.0,,United Kingdom,0.0,2010-12-22,5,6,5
539856,21888,BINGO SET,2,0.0,,United Kingdom,0.0,2010-12-22,5,6,5
539856,21539,RED RETROSPOT BUTTER DISH,3,0.0,,United Kingdom,0.0,2010-12-22,5,6,5
539856,21258,VICTORIAN SEWING BOX LARGE,3,0.0,,United Kingdom,0.0,2010-12-22,5,6,5
539856,21116,OWL DOORSTOP,1,0.0,,United Kingdom,0.0,2010-12-22,5,6,5
539856,20719,WOODLAND CHARLOTTE BAG,1,0.0,,United Kingdom,0.0,2010-12-22,5,6,5
540010,22501,reverse 21/5/10 adjustment,-100,0.0,,United Kingdom,-0.0,2011-01-04,5,6,5
540012,22502,reverse 21/5/10 adjustment,-100,0.0,,United Kingdom,-0.0,2011-01-04,5,6,5
540100,22837,?,-106,0.0,,United Kingdom,-0.0,2011-01-04,5,6,5
540355,20724,RED RETROSPOT CHARLOTTE BAG,1,0.0,,United Kingdom,0.0,2011-01-06,5,6,5
540356,20724,RED RETROSPOT CHARLOTTE BAG,1,0.0,,United Kingdom,0.0,2011-01-06,5,6,5
540558,21258,?,-29,0.0,,United Kingdom,-0.0,2011-01-10,5,6,5
540564,22617,"mouldy, thrown away.",-2600,0.0,,United Kingdom,-0.0,2011-01-10,5,6,5
540638,72038P,damages,-990,0.0,,United Kingdom,-0.0,2011-01-10,6,6,5
540651,82599,?,-290,0.0,,United Kingdom,-0.0,2011-01-10,5,6,5
540673,21644,found,144,0.0,,United Kingdom,0.0,2011-01-10,5,6,5
540674,22837,Found,26,0.0,,United Kingdom,0.0,2011-01-10,5,6,5
540675,20748,Found,40,0.0,,United Kingdom,0.0,2011-01-10,5,6,5
540832,21670,BLUE SPOT CERAMIC DRAWER KNOB,2,0.0,,United Kingdom,0.0,2011-01-11,5,6,5
540832,21673,WHITE SPOT BLUE CERAMIC DRAWER KNOB,1,0.0,,United Kingdom,0.0,2011-01-11,5,6,5
540832,84692,BOX OF 24 COCKTAIL PARASOLS,1,0.0,,United Kingdom,0.0,2011-01-11,5,6,5
540832,20724,RED RETROSPOT CHARLOTTE BAG,1,0.0,,United Kingdom,0.0,2011-01-11,5,6,5
540832,22423,REGENCY CAKESTAND 3 TIER,1,0.0,,United Kingdom,0.0,2011-01-11,5,6,5
540978,84050,counted,-310,0.0,,United Kingdom,-0.0,2011-01-12,5,6,5
541685,22351,Given away,-1400,0.0,,United Kingdom,-0.0,2011-01-20,5,6,5
541687,46000S,Dotcom,-300,0.0,,United Kingdom,-0.0,2011-01-20,6,6,5
541882,48185,?,-57,0.0,,United Kingdom,-0.0,2011-01-24,5,6,5
542225,85096,label mix up,-59,0.0,,United Kingdom,-0.0,2011-01-26,5,6,5
542361,85161,samples/damages,-20,0.0,,United Kingdom,-0.0,2011-01-27,5,6,5
542861,47591B,?,-207,0.0,,United Kingdom,-0.0,2011-02-01,6,6,5
543257,84611B,thrown away,-1430,0.0,,United Kingdom,-0.0,2011-02-04,6,6,5
543259,84612B,thrown away,-162,0.0,,United Kingdom,-0.0,2011-02-04,6,6,5
543260,84613A,thrown away,-230,0.0,,United Kingdom,-0.0,2011-02-04,6,6,5
543262,84614A,thrown away,-390,0.0,,United Kingdom,-0.0,2011-02-04,6,6,5
543827,84406B,incorrectly made-thrown away.,-64,0.0,,United Kingdom,-0.0,2011-02-14,6,6,5
544410,84997C,?,-741,0.0,,United Kingdom,-0.0,2011-02-18,6,6,5
544649,21621,?,-400,0.0,,United Kingdom,-0.0,2011-02-22,5,6,5
545160,22666,RECIPE BOX PANTRY YELLOW DESIGN,1,0.0,,United Kingdom,0.0,2011-02-28,5,6,5
545160,22627,MINT KITCHEN SCALES,1,0.0,,United Kingdom,0.0,2011-02-28,5,6,5
545160,22625,RED KITCHEN SCALES,1,0.0,,United Kingdom,0.0,2011-02-28,5,6,5
545160,22559,SEASIDE FLYING DISC,1,0.0,,United Kingdom,0.0,2011-02-28,5,6,5
545176,22470,HEART OF WICKER LARGE,1,0.0,,United Kingdom,0.0,2011-02-28,5,6,5
545176,22374,AIRLINE BAG VINTAGE JET SET RED,2,0.0,,United Kingdom,0.0,2011-02-28,5,6,5
545176,22371,AIRLINE BAG VINTAGE TOKYO 78,1,0.0,,United Kingdom,0.0,2011-02-28,5,6,5
545176,22365,DOORMAT RESPECTABLE HOUSE,1,0.0,,United Kingdom,0.0,2011-02-28,5,6,5
545176,22363,GLASS JAR MARMALADE ,1,0.0,,United Kingdom,0.0,2011-02-28,5,6,5
545176,22360,GLASS JAR ENGLISH CONFECTIONERY,1,0.0,,United Kingdom,0.0,2011-02-28,5,6,5
545176,22364,GLASS JAR DIGESTIVE BISCUITS,1,0.0,,United Kingdom,0.0,2011-02-28,5,6,5
545176,22359,GLASS JAR KINGS CHOICE,2,0.0,,United Kingdom,0.0,2011-02-28,5,6,5
545176,22357,KINGS CHOICE BISCUIT TIN,3,0.0,,United Kingdom,0.0,2011-02-28,5,6,5
545176,22350,ILLUSTRATED CAT BOWL ,1,0.0,,United Kingdom,0.0,2011-02-28,5,6,5
545176,22300,COFFEE MUG DOG + BALL DESIGN,1,0.0,,United Kingdom,0.0,2011-02-28,5,6,5
545176,22064,PINK DOUGHNUT TRINKET POT ,1,0.0,,United Kingdom,0.0,2011-02-28,5,6,5
545176,21888,BINGO SET,1,0.0,,United Kingdom,0.0,2011-02-28,5,6,5
545176,21116,OWL DOORSTOP,5,0.0,,United Kingdom,0.0,2011-02-28,5,6,5
545176,20724,RED RETROSPOT CHARLOTTE BAG,1,0.0,,United Kingdom,0.0,2011-02-28,5,6,5
545176,20685,DOORMAT RED RETROSPOT,1,0.0,,United Kingdom,0.0,2011-02-28,5,6,5
545176,20652,BLUE POLKADOT LUGGAGE TAG ,3,0.0,,United Kingdom,0.0,2011-02-28,5,6,5
545176,20615,BLUE POLKADOT PASSPORT COVER,3,0.0,,United Kingdom,0.0,2011-02-28,5,6,5
545176,18098C,PORCELAIN BUTTERFLY OIL BURNER,6,0.0,,United Kingdom,0.0,2011-02-28,6,6,5
545176,22383,LUNCH BAG SUKI DESIGN ,1,0.0,,United Kingdom,0.0,2011-02-28,5,6,5
545176,85099F,JUMBO BAG STRAWBERRY,1,0.0,,United Kingdom,0.0,2011-02-28,6,6,5
545176,84968E,SET OF 16 VINTAGE BLACK CUTLERY,1,0.0,,United Kingdom,0.0,2011-02-28,6,6,5
545176,84872A,TEATIME FUNKY FLOWER BACKPACK FOR 2,1,0.0,,United Kingdom,0.0,2011-02-28,6,6,5
545176,22676,FRENCH BLUE METAL DOOR SIGN 1,1,0.0,,United Kingdom,0.0,2011-02-28,5,6,5
545176,21899,"KEY FOB , GARAGE DESIGN",1,0.0,,United Kingdom,0.0,2011-02-28,5,6,5
545176,22524,CHILDRENS GARDEN GLOVES BLUE,1,0.0,,United Kingdom,0.0,2011-02-28,5,6,5
545176,84692,BOX OF 24 COCKTAIL PARASOLS,1,0.0,,United Kingdom,0.0,2011-02-28,5,6,5
545176,79321,CHILLI LIGHTS,1,0.0,,United Kingdom,0.0,2011-02-28,5,6,5
545176,37333,"RETRO ""TEA FOR ONE"" ",3,0.0,,United Kingdom,0.0,2011-02-28,5,6,5
545176,22697,GREEN REGENCY TEACUP AND SAUCER,1,0.0,,United Kingdom,0.0,2011-02-28,5,6,5
545176,22699,ROSES REGENCY TEACUP AND SAUCER ,1,0.0,,United Kingdom,0.0,2011-02-28,5,6,5
545176,22698,PINK REGENCY TEACUP AND SAUCER,1,0.0,,United Kingdom,0.0,2011-02-28,5,6,5
545176,22689,DOORMAT MERRY CHRISTMAS RED ,3,0.0,,United Kingdom,0.0,2011-02-28,5,6,5
545176,22681,FRENCH BLUE METAL DOOR SIGN 6,2,0.0,,United Kingdom,0.0,2011-02-28,5,6,5
545176,22678,FRENCH BLUE METAL DOOR SIGN 3,1,0.0,,United Kingdom,0.0,2011-02-28,5,6,5
545176,22686,FRENCH BLUE METAL DOOR SIGN No,2,0.0,,United Kingdom,0.0,2011-02-28,5,6,5
545176,22681,FRENCH BLUE METAL DOOR SIGN 6,3,0.0,,United Kingdom,0.0,2011-02-28,5,6,5
545176,22677,FRENCH BLUE METAL DOOR SIGN 2,1,0.0,,United Kingdom,0.0,2011-02-28,5,6,5
545176,22683,FRENCH BLUE METAL DOOR SIGN 8,1,0.0,,United Kingdom,0.0,2011-02-28,5,6,5
545176,22676,FRENCH BLUE METAL DOOR SIGN 1,2,0.0,,United Kingdom,0.0,2011-02-28,5,6,5
545176,22665,RECIPE BOX BLUE SKETCHBOOK DESIGN,1,0.0,,United Kingdom,0.0,2011-02-28,5,6,5
545176,22649,STRAWBERRY FAIRY CAKE TEAPOT,1,0.0,,United Kingdom,0.0,2011-02-28,5,6,5
545176,22627,MINT KITCHEN SCALES,1,0.0,,United Kingdom,0.0,2011-02-28,5,6,5
545176,22625,RED KITCHEN SCALES,4,0.0,,United Kingdom,0.0,2011-02-28,5,6,5
545176,22624,IVORY KITCHEN SCALES,8,0.0,,United Kingdom,0.0,2011-02-28,5,6,5
545176,22619,SET OF 6 SOLDIER SKITTLES,1,0.0,,United Kingdom,0.0,2011-02-28,5,6,5
545176,22550,HOLIDAY FUN LUDO,1,0.0,,United Kingdom,0.0,2011-02-28,5,6,5
545176,22473,TV DINNER TRAY VINTAGE PAISLEY,1,0.0,,United Kingdom,0.0,2011-02-28,5,6,5
545176,22475,SKULL DESIGN TV DINNER TRAY,3,0.0,,United Kingdom,0.0,2011-02-28,5,6,5
545236,22797,damages,-15,0.0,,United Kingdom,-0.0,2011-03-01,5,6,5
545401,21769,showroom,-5,0.0,,United Kingdom,-0.0,2011-03-02,5,6,5
545546,84249A,check,-150,0.0,,United Kingdom,-0.0,2011-03-03,6,6,5
545857,20681,MIA,-154,0.0,,United Kingdom,-0.0,2011-03-07,5,6,5
545875,21736,Adjustment,34,0.0,,United Kingdom,0.0,2011-03-07,5,6,5
545990,84598,check,-3000,0.0,,United Kingdom,-0.0,2011-03-08,5,6,5
546010,22423,damages,-19,0.0,,United Kingdom,-0.0,2011-03-08,5,6,5
546016,85172,Dotcom set,-675,0.0,,United Kingdom,-0.0,2011-03-08,5,6,5
546018,85172,wrongly sold as sets,-600,0.0,,United Kingdom,-0.0,2011-03-08,5,6,5
546020,85175,Amazon sold sets,-210,0.0,,United Kingdom,-0.0,2011-03-08,5,6,5
546021,85175,dotcom sold sets,-345,0.0,,United Kingdom,-0.0,2011-03-08,5,6,5
546023,85175,wrongly sold sets,-975,0.0,,United Kingdom,-0.0,2011-03-08,5,6,5
546024,85175,? sold as sets?,-1200,0.0,,United Kingdom,-0.0,2011-03-08,5,6,5
546025,85172,?sold as sets?,-600,0.0,,United Kingdom,-0.0,2011-03-08,5,6,5
546124,35610C,Thrown away.,-1121,0.0,,United Kingdom,-0.0,2011-03-09,6,6,5
546126,35611B,thrown away,-27,0.0,,United Kingdom,-0.0,2011-03-09,6,6,5
546129,35610B,thrown away,-541,0.0,,United Kingdom,-0.0,2011-03-09,6,6,5
546130,35610A,thrown away,-1277,0.0,,United Kingdom,-0.0,2011-03-09,6,6,5
546137,20893,damages/display,-197,0.0,,United Kingdom,-0.0,2011-03-09,5,6,5
546138,21815,?,-300,0.0,,United Kingdom,-0.0,2011-03-09,5,6,5
546139,84988,?,3000,0.0,,United Kingdom,0.0,2011-03-09,5,6,5
546140,21527,damages,-30,0.0,,United Kingdom,-0.0,2011-03-09,5,6,5
546142,40016,damaged stock,-1100,0.0,,United Kingdom,-0.0,2011-03-09,5,6,5
546145,21537,?,-80,0.0,,United Kingdom,-0.0,2011-03-09,5,6,5
546147,21320,broken,-63,0.0,,United Kingdom,-0.0,2011-03-09,5,6,5
546148,85049D,?,-100,0.0,,United Kingdom,-0.0,2011-03-09,6,6,5
546149,20866,?,-230,0.0,,United Kingdom,-0.0,2011-03-09,5,6,5
546152,72140F,throw away,-5368,0.0,,United Kingdom,-0.0,2011-03-09,6,6,5
546245,85185B,?,-259,0.0,,United Kingdom,-0.0,2011-03-10,6,6,5
546406,46000S,POLYESTER FILLER PAD 40x40cm,70,0.0,,United Kingdom,0.0,2011-03-11,6,6,5
546406,46000M,POLYESTER FILLER PAD 45x45cm,60,0.0,,United Kingdom,0.0,2011-03-11,6,6,5
546407,22719,wrong barcode (22467),-178,0.0,,United Kingdom,-0.0,2011-03-11,5,6,5
546408,22467,wrongly sold (22719) barcode,170,0.0,,United Kingdom,0.0,2011-03-11,5,6,5
546409,21833,damages,-110,0.0,,United Kingdom,-0.0,2011-03-11,5,6,5
546933,85123A,WHITE HANGING HEART T-LIGHT HOLDER,1,0.0,,United Kingdom,0.0,2011-03-18,6,6,5
546933,85099B,JUMBO BAG RED RETROSPOT,2,0.0,,United Kingdom,0.0,2011-03-18,6,6,5
546933,48184,DOORMAT ENGLISH ROSE ,2,0.0,,United Kingdom,0.0,2011-03-18,5,6,5
546933,22692,DOORMAT WELCOME TO OUR HOME,1,0.0,,United Kingdom,0.0,2011-03-18,5,6,5
546933,22683,FRENCH BLUE METAL DOOR SIGN 8,2,0.0,,United Kingdom,0.0,2011-03-18,5,6,5
546933,22686,FRENCH BLUE METAL DOOR SIGN No,3,0.0,,United Kingdom,0.0,2011-03-18,5,6,5
546933,22681,FRENCH BLUE METAL DOOR SIGN 6,7,0.0,,United Kingdom,0.0,2011-03-18,5,6,5
546933,22682,FRENCH BLUE METAL DOOR SIGN 7,3,0.0,,United Kingdom,0.0,2011-03-18,5,6,5
546933,22685,FRENCH BLUE METAL DOOR SIGN 0,1,0.0,,United Kingdom,0.0,2011-03-18,5,6,5
546933,22680,FRENCH BLUE METAL DOOR SIGN 5,3,0.0,,United Kingdom,0.0,2011-03-18,5,6,5
546933,22684,FRENCH BLUE METAL DOOR SIGN 9,3,0.0,,United Kingdom,0.0,2011-03-18,5,6,5
546933,22678,FRENCH BLUE METAL DOOR SIGN 3,3,0.0,,United Kingdom,0.0,2011-03-18,5,6,5
546933,22679,FRENCH BLUE METAL DOOR SIGN 4,4,0.0,,United Kingdom,0.0,2011-03-18,5,6,5
546933,22676,FRENCH BLUE METAL DOOR SIGN 1,3,0.0,,United Kingdom,0.0,2011-03-18,5,6,5
546933,22666,RECIPE BOX PANTRY YELLOW DESIGN,9,0.0,,United Kingdom,0.0,2011-03-18,5,6,5
546933,22627,MINT KITCHEN SCALES,1,0.0,,United Kingdom,0.0,2011-03-18,5,6,5
546933,22626,BLACK KITCHEN SCALES,1,0.0,,United Kingdom,0.0,2011-03-18,5,6,5
546933,22625,RED KITCHEN SCALES,3,0.0,,United Kingdom,0.0,2011-03-18,5,6,5
546933,22623,BOX OF VINTAGE JIGSAW BLOCKS ,1,0.0,,United Kingdom,0.0,2011-03-18,5,6,5
546933,22521,CHILDS GARDEN TROWEL PINK,1,0.0,,United Kingdom,0.0,2011-03-18,5,6,5
546933,22430,ENAMEL WATERING CAN CREAM,3,0.0,,United Kingdom,0.0,2011-03-18,5,6,5
546933,22375,AIRLINE BAG VINTAGE JET SET BROWN,1,0.0,,United Kingdom,0.0,2011-03-18,5,6,5
546933,22374,AIRLINE BAG VINTAGE JET SET RED,1,0.0,,United Kingdom,0.0,2011-03-18,5,6,5
546933,22366,DOORMAT AIRMAIL ,1,0.0,,United Kingdom,0.0,2011-03-18,5,6,5
546933,22364,GLASS JAR DIGESTIVE BISCUITS,2,0.0,,United Kingdom,0.0,2011-03-18,5,6,5
546933,22631,CIRCUS PARADE LUNCH BOX ,3,0.0,,United Kingdom,0.0,2011-03-18,5,6,5
546933,21556,CERAMIC STRAWBERRY MONEY BOX,2,0.0,,United Kingdom,0.0,2011-03-18,5,6,5
546933,22666,RECIPE BOX PANTRY YELLOW DESIGN,1,0.0,,United Kingdom,0.0,2011-03-18,5,6,5
546933,22372,AIRLINE BAG VINTAGE WORLD CHAMPION ,1,0.0,,United Kingdom,0.0,2011-03-18,5,6,5
546933,20719,WOODLAND CHARLOTTE BAG,1,0.0,,United Kingdom,0.0,2011-03-18,5,6,5
547336,21689,wrong barcode,-323,0.0,,United Kingdom,-0.0,2011-03-22,5,6,5
547337,85025C,barcode problem,-230,0.0,,United Kingdom,-0.0,2011-03-22,6,6,5
547339,84406B,?,-450,0.0,,United Kingdom,-0.0,2011-03-22,6,6,5
547363,22459,?lost,-232,0.0,,United Kingdom,-0.0,2011-03-22,5,6,5
547396,79321,CHILLI LIGHTS,1,0.0,,United Kingdom,0.0,2011-03-22,5,6,5
547559,72759,thrown away-can't sell.,-524,0.0,,United Kingdom,-0.0,2011-03-23,5,6,5
547560,72732,thrown away-can't sell,-2472,0.0,,United Kingdom,-0.0,2011-03-23,5,6,5
547673,47593A,found,13,0.0,,United Kingdom,0.0,2011-03-24,6,6,5
547704,21621,rcvd be air temp fix for dotcom sit,100,0.0,,United Kingdom,0.0,2011-03-24,5,6,5
547950,35241,damages?,-40,0.0,,United Kingdom,-0.0,2011-03-28,5,6,5
547989,21621,re dotcom quick fix.,-100,0.0,,United Kingdom,-0.0,2011-03-29,5,6,5
548380,22127,Dotcom sold in 6's,-60,0.0,,United Kingdom,-0.0,2011-03-30,5,6,5
548381,22127,sold in set?,-690,0.0,,United Kingdom,-0.0,2011-03-30,5,6,5
548394,82494L,cracked,-39,0.0,,United Kingdom,-0.0,2011-03-30,6,6,5
548396,22719,sold as 22467,-25,0.0,,United Kingdom,-0.0,2011-03-30,5,6,5
548620,84313B,Damaged,-32,0.0,,United Kingdom,-0.0,2011-04-01,6,6,5
548999,84743C,damages,-26,0.0,,United Kingdom,-0.0,2011-04-05,6,6,5
549100,21484,CHICK GREY HOT WATER BOTTLE,1,0.0,,United Kingdom,0.0,2011-04-06,5,6,5
549427,22797,damages,-12,0.0,,United Kingdom,-0.0,2011-04-08,5,6,5
549527,21620,mystery! Only ever imported 1800,-1479,0.0,,United Kingdom,-0.0,2011-04-08,5,6,5
549529,21830,"MERCHANT CHANDLER CREDIT ERROR, STO",-576,0.0,,United Kingdom,-0.0,2011-04-08,5,6,5
549531,21622,POSSIBLE DAMAGES OR LOST?,-750,0.0,,United Kingdom,-0.0,2011-04-08,5,6,5
549846,21100,Damaged,-6,0.0,,United Kingdom,-0.0,2011-04-12,5,6,5
549935,35915C,damaged,-43,0.0,,United Kingdom,-0.0,2011-04-13,6,6,5
549948,37488A,damaged,-1,0.0,,United Kingdom,-0.0,2011-04-13,6,6,5
549950,37487B,Damaged,-6,0.0,,United Kingdom,-0.0,2011-04-13,6,6,5
549952,37482P,Damaged,-93,0.0,,United Kingdom,-0.0,2011-04-13,6,6,5
550153,85167B,DAMAGED,-1,0.0,,United Kingdom,-0.0,2011-04-14,6,6,5
550460,47556B,did  a credit  and did not tick ret,1300,0.0,,United Kingdom,0.0,2011-04-18,6,6,5
550753,84763,Display,-150,0.0,,United Kingdom,-0.0,2011-04-20,5,6,5
550800,22458,Missing,-65,0.0,,United Kingdom,-0.0,2011-04-20,5,6,5
550908,20827,damages,-68,0.0,,United Kingdom,-0.0,2011-04-21,5,6,5
550922,22784,damages,-25,0.0,,United Kingdom,-0.0,2011-04-21,5,6,5
550947,21319,adjustment,3,0.0,,United Kingdom,0.0,2011-04-21,5,6,5
550948,17109D,Adjustment,14,0.0,,United Kingdom,0.0,2011-04-21,6,6,5
550950,17091A,found,84,0.0,,United Kingdom,0.0,2011-04-21,6,6,5
550951,84531A,returned,2,0.0,,United Kingdom,0.0,2011-04-21,6,6,5
550952,84531B,returned,2,0.0,,United Kingdom,0.0,2011-04-21,6,6,5
550954,47013A,damaged,-2,0.0,,United Kingdom,-0.0,2011-04-21,6,6,5
551019,22467,wrong code?,-100,0.0,,United Kingdom,-0.0,2011-04-26,5,6,5
551020,22719,wrong code,-110,0.0,,United Kingdom,-0.0,2011-04-26,5,6,5
551240,51020A,adjustment,41,0.0,,United Kingdom,0.0,2011-04-27,6,6,5
551243,51020B,adjust,-53,0.0,,United Kingdom,-0.0,2011-04-27,6,6,5
551302,48189,damaged,-18,0.0,,United Kingdom,-0.0,2011-04-27,5,6,5
551304,48189,adjustment,2,0.0,,United Kingdom,0.0,2011-04-27,5,6,5
551323,21398,damages,-9,0.0,,United Kingdom,-0.0,2011-04-27,5,6,5
551324,85017C,Found,13,0.0,,United Kingdom,0.0,2011-04-27,6,6,5
551327,84228,crushed,-4,0.0,,United Kingdom,-0.0,2011-04-27,5,6,5
551705,22655,damages/showroom etc,-11,0.0,,United Kingdom,-0.0,2011-05-03,5,6,5
551735,21656,samples,-19,0.0,,United Kingdom,-0.0,2011-05-04,5,6,5
551837,79164,damages/credits from ASOS.,-1512,0.0,,United Kingdom,-0.0,2011-05-04,5,6,5
552175,23200,mailout ,100,0.0,,United Kingdom,0.0,2011-05-06,5,6,5
552177,23202,mailout,100,0.0,,United Kingdom,0.0,2011-05-06,5,6,5
552178,23203,mailout,100,0.0,,United Kingdom,0.0,2011-05-06,5,6,5
552187,23209,mailout,100,0.0,,United Kingdom,0.0,2011-05-06,5,6,5
552230,20735,BLACK MINI TAPE MEASURE ,1,0.0,,United Kingdom,0.0,2011-05-06,5,6,5
552230,22617,BAKING SET SPACEBOY DESIGN,1,0.0,,United Kingdom,0.0,2011-05-06,5,6,5
552230,37327,ASSTD MULTICOLOUR CIRCLES MUG,1,0.0,,United Kingdom,0.0,2011-05-06,5,6,5
552230,84375,SET OF 20 KIDS COOKIE CUTTERS,1,0.0,,United Kingdom,0.0,2011-05-06,5,6,5
552230,84969,BOX OF 6 ASSORTED COLOUR TEASPOONS,1,0.0,,United Kingdom,0.0,2011-05-06,5,6,5
552331,22667,damaged,-30,0.0,,United Kingdom,-0.0,2011-05-09,5,6,5
552443,22796,Not rcvd in 10/11/2010 delivery,-360,0.0,,United Kingdom,-0.0,2011-05-09,5,6,5
552733,23059,Thrown away-rusty,-2376,0.0,,United Kingdom,-0.0,2011-05-11,5,6,5
553147,84879,damaged,-160,0.0,,United Kingdom,-0.0,2011-05-13,5,6,5
553391,37370,sold as set/6 by dotcom,-786,0.0,,United Kingdom,-0.0,2011-05-16,5,6,5
553394,15058A,wet/rusty,-30,0.0,,United Kingdom,-0.0,2011-05-16,6,6,5
553395,15058C,wet/rusty,-30,0.0,,United Kingdom,-0.0,2011-05-16,6,6,5
553396,22423,damages,-21,0.0,,United Kingdom,-0.0,2011-05-16,5,6,5
553398,37370,damages/dotcom?,-590,0.0,,United Kingdom,-0.0,2011-05-16,5,6,5
553400,20803,damages,-40,0.0,,United Kingdom,-0.0,2011-05-16,5,6,5
553481,21181,on cargo order,192,0.0,,United Kingdom,0.0,2011-05-17,5,6,5
553521,85099F,JUMBO BAG STRAWBERRY,1,0.0,,United Kingdom,0.0,2011-05-17,6,6,5
553521,48184,DOORMAT ENGLISH ROSE ,1,0.0,,United Kingdom,0.0,2011-05-17,5,6,5
553521,22692,DOORMAT WELCOME TO OUR HOME,1,0.0,,United Kingdom,0.0,2011-05-17,5,6,5
553521,22684,FRENCH BLUE METAL DOOR SIGN 9,2,0.0,,United Kingdom,0.0,2011-05-17,5,6,5
553521,22682,FRENCH BLUE METAL DOOR SIGN 7,3,0.0,,United Kingdom,0.0,2011-05-17,5,6,5
553521,22686,FRENCH BLUE METAL DOOR SIGN No,11,0.0,,United Kingdom,0.0,2011-05-17,5,6,5
553521,22683,FRENCH BLUE METAL DOOR SIGN 8,5,0.0,,United Kingdom,0.0,2011-05-17,5,6,5
553521,22679,FRENCH BLUE METAL DOOR SIGN 4,4,0.0,,United Kingdom,0.0,2011-05-17,5,6,5
553521,22678,FRENCH BLUE METAL DOOR SIGN 3,5,0.0,,United Kingdom,0.0,2011-05-17,5,6,5
553521,22680,FRENCH BLUE METAL DOOR SIGN 5,2,0.0,,United Kingdom,0.0,2011-05-17,5,6,5
553521,22677,FRENCH BLUE METAL DOOR SIGN 2,4,0.0,,United Kingdom,0.0,2011-05-17,5,6,5
553521,22676,FRENCH BLUE METAL DOOR SIGN 1,2,0.0,,United Kingdom,0.0,2011-05-17,5,6,5
553521,22666,RECIPE BOX PANTRY YELLOW DESIGN,1,0.0,,United Kingdom,0.0,2011-05-17,5,6,5
553521,22665,RECIPE BOX BLUE SKETCHBOOK DESIGN,2,0.0,,United Kingdom,0.0,2011-05-17,5,6,5
553521,22649,STRAWBERRY FAIRY CAKE TEAPOT,1,0.0,,United Kingdom,0.0,2011-05-17,5,6,5
553521,22646,CERAMIC STRAWBERRY CAKE MONEY BANK,1,0.0,,United Kingdom,0.0,2011-05-17,5,6,5
553521,22644,CERAMIC CHERRY CAKE MONEY BANK,1,0.0,,United Kingdom,0.0,2011-05-17,5,6,5
553521,22645,CERAMIC HEART FAIRY CAKE MONEY BANK,1,0.0,,United Kingdom,0.0,2011-05-17,5,6,5
553521,22637,PIGGY BANK RETROSPOT ,2,0.0,,United Kingdom,0.0,2011-05-17,5,6,5
553521,22626,BLACK KITCHEN SCALES,1,0.0,,United Kingdom,0.0,2011-05-17,5,6,5
553521,22559,SEASIDE FLYING DISC,1,0.0,,United Kingdom,0.0,2011-05-17,5,6,5
553521,22524,CHILDRENS GARDEN GLOVES BLUE,1,0.0,,United Kingdom,0.0,2011-05-17,5,6,5
553521,22520,CHILDS GARDEN TROWEL BLUE ,1,0.0,,United Kingdom,0.0,2011-05-17,5,6,5
553521,22518,CHILDS GARDEN BRUSH BLUE,1,0.0,,United Kingdom,0.0,2011-05-17,5,6,5
553521,22519,CHILDS GARDEN BRUSH PINK,1,0.0,,United Kingdom,0.0,2011-05-17,5,6,5
553521,22515,CHILDS GARDEN SPADE PINK,1,0.0,,United Kingdom,0.0,2011-05-17,5,6,5
553521,22514,CHILDS GARDEN SPADE BLUE,2,0.0,,United Kingdom,0.0,2011-05-17,5,6,5
553521,22430,ENAMEL WATERING CAN CREAM,1,0.0,,United Kingdom,0.0,2011-05-17,5,6,5
553521,22427,ENAMEL FLOWER JUG CREAM,1,0.0,,United Kingdom,0.0,2011-05-17,5,6,5
553521,22414,DOORMAT NEIGHBOURHOOD WITCH ,1,0.0,,United Kingdom,0.0,2011-05-17,5,6,5
553521,22365,DOORMAT RESPECTABLE HOUSE,1,0.0,,United Kingdom,0.0,2011-05-17,5,6,5
553521,22363,GLASS JAR MARMALADE ,1,0.0,,United Kingdom,0.0,2011-05-17,5,6,5
553521,22362,GLASS JAR PEACOCK BATH SALTS,1,0.0,,United Kingdom,0.0,2011-05-17,5,6,5
553521,22359,GLASS JAR KINGS CHOICE,1,0.0,,United Kingdom,0.0,2011-05-17,5,6,5
553521,22356,CHARLOTTE BAG PINK POLKADOT,1,0.0,,United Kingdom,0.0,2011-05-17,5,6,5
553521,22301,COFFEE MUG CAT + BIRD DESIGN,1,0.0,,United Kingdom,0.0,2011-05-17,5,6,5
553521,22203,MILK PAN RED RETROSPOT,1,0.0,,United Kingdom,0.0,2011-05-17,5,6,5
553521,21889,WOODEN BOX OF DOMINOES,1,0.0,,United Kingdom,0.0,2011-05-17,5,6,5
553521,21116,OWL DOORSTOP,1,0.0,,United Kingdom,0.0,2011-05-17,5,6,5
553539,22425,ENAMEL COLANDER CREAM,1,0.0,,United Kingdom,0.0,2011-05-17,5,6,5
553539,22414,DOORMAT NEIGHBOURHOOD WITCH ,1,0.0,,United Kingdom,0.0,2011-05-17,5,6,5
553539,22301,COFFEE MUG CAT + BIRD DESIGN,1,0.0,,United Kingdom,0.0,2011-05-17,5,6,5
553539,22201,FRYING PAN BLUE POLKADOT,1,0.0,,United Kingdom,0.0,2011-05-17,5,6,5
553539,21922,UNION STRIPE WITH FRINGE  HAMMOCK,1,0.0,,United Kingdom,0.0,2011-05-17,5,6,5
553539,22692,DOORMAT WELCOME TO OUR HOME,1,0.0,,United Kingdom,0.0,2011-05-17,5,6,5
553539,21559,STRAWBERRY LUNCH BOX WITH CUTLERY,1,0.0,,United Kingdom,0.0,2011-05-17,5,6,5
553539,21116,OWL DOORSTOP,2,0.0,,United Kingdom,0.0,2011-05-17,5,6,5
553539,20711,JUMBO BAG TOYS ,1,0.0,,United Kingdom,0.0,2011-05-17,5,6,5
553539,20682,RED RETROSPOT CHILDRENS UMBRELLA,1,0.0,,United Kingdom,0.0,2011-05-17,5,6,5
553539,22843,BISCUIT TIN VINTAGE GREEN,1,0.0,,United Kingdom,0.0,2011-05-17,5,6,5
553539,22682,FRENCH BLUE METAL DOOR SIGN 7,1,0.0,,United Kingdom,0.0,2011-05-17,5,6,5
553539,22679,FRENCH BLUE METAL DOOR SIGN 4,2,0.0,,United Kingdom,0.0,2011-05-17,5,6,5
553539,22678,FRENCH BLUE METAL DOOR SIGN 3,5,0.0,,United Kingdom,0.0,2011-05-17,5,6,5
553539,22677,FRENCH BLUE METAL DOOR SIGN 2,2,0.0,,United Kingdom,0.0,2011-05-17,5,6,5
553539,22683,FRENCH BLUE METAL DOOR SIGN 8,1,0.0,,United Kingdom,0.0,2011-05-17,5,6,5
553539,22666,RECIPE BOX PANTRY YELLOW DESIGN,1,0.0,,United Kingdom,0.0,2011-05-17,5,6,5
553539,22665,RECIPE BOX BLUE SKETCHBOOK DESIGN,1,0.0,,United Kingdom,0.0,2011-05-17,5,6,5
553539,22685,FRENCH BLUE METAL DOOR SIGN 0,2,0.0,,United Kingdom,0.0,2011-05-17,5,6,5
553539,22676,FRENCH BLUE METAL DOOR SIGN 1,4,0.0,,United Kingdom,0.0,2011-05-17,5,6,5
553539,22646,CERAMIC STRAWBERRY CAKE MONEY BANK,1,0.0,,United Kingdom,0.0,2011-05-17,5,6,5
553539,22520,CHILDS GARDEN TROWEL BLUE ,1,0.0,,United Kingdom,0.0,2011-05-17,5,6,5
553539,22523,CHILDS GARDEN FORK PINK,1,0.0,,United Kingdom,0.0,2011-05-17,5,6,5
553539,22522,CHILDS GARDEN FORK BLUE ,1,0.0,,United Kingdom,0.0,2011-05-17,5,6,5
553539,22519,CHILDS GARDEN BRUSH PINK,1,0.0,,United Kingdom,0.0,2011-05-17,5,6,5
553539,22514,CHILDS GARDEN SPADE BLUE,1,0.0,,United Kingdom,0.0,2011-05-17,5,6,5
553539,22515,CHILDS GARDEN SPADE PINK,2,0.0,,United Kingdom,0.0,2011-05-17,5,6,5
553539,22501,PICNIC BASKET WICKER LARGE,1,0.0,,United Kingdom,0.0,2011-05-17,5,6,5
553539,22474,SPACEBOY TV DINNER TRAY,1,0.0,,United Kingdom,0.0,2011-05-17,5,6,5
553539,22430,ENAMEL WATERING CAN CREAM,2,0.0,,United Kingdom,0.0,2011-05-17,5,6,5
553539,22426,ENAMEL WASH BOWL CREAM,1,0.0,,United Kingdom,0.0,2011-05-17,5,6,5
553719,85017C,adjustment,1,0.0,,United Kingdom,0.0,2011-05-18,6,6,5
554128,84563A,damaged,-4,0.0,,United Kingdom,-0.0,2011-05-23,6,6,5
554143,79030G,damages,-413,0.0,,United Kingdom,-0.0,2011-05-23,6,6,5
554144,79030D,damages,-664,0.0,,United Kingdom,-0.0,2011-05-23,6,6,5
554287,22700,smashed,-48,0.0,,United Kingdom,-0.0,2011-05-23,5,6,5
554432,85132A,damaged,-97,0.0,,United Kingdom,-0.0,2011-05-24,6,6,5
554550,47566B,incorrectly credited C550456 see 47,1300,0.0,,United Kingdom,0.0,2011-05-25,6,6,5
554551,47566B,reverse previous adjustment,-1300,0.0,,United Kingdom,-0.0,2011-05-25,6,6,5
554553,47566B,incorrectly credited C550456 see 47,-1300,0.0,,United Kingdom,-0.0,2011-05-25,6,6,5
554852,21272,?,-212,0.0,,United Kingdom,-0.0,2011-05-27,5,6,5
555330,84804A,wet damaged,-125,0.0,,United Kingdom,-0.0,2011-06-02,6,6,5
555331,84800L,wet damaged,-144,0.0,,United Kingdom,-0.0,2011-06-02,6,6,5
555332,84801A,wet damaged,-48,0.0,,United Kingdom,-0.0,2011-06-02,6,6,5
555333,84805B,wet damaged,-96,0.0,,United Kingdom,-0.0,2011-06-02,6,6,5
555334,84805A,wet damaged,-96,0.0,,United Kingdom,-0.0,2011-06-02,6,6,5
555503,84313C,damaged,-1,0.0,,United Kingdom,-0.0,2011-06-03,6,6,5
555505,79030G,Water damaged,-16,0.0,,United Kingdom,-0.0,2011-06-03,6,6,5
555506,21397,damaged,-57,0.0,,United Kingdom,-0.0,2011-06-03,5,6,5
556046,21890,missing,-140,0.0,,United Kingdom,-0.0,2011-06-08,5,6,5
556122,85019C,Damaged,-108,0.0,,United Kingdom,-0.0,2011-06-09,6,6,5
556123,22272,Damaged,-15,0.0,,United Kingdom,-0.0,2011-06-09,5,6,5
556231,85123A,?,4000,0.0,,United Kingdom,0.0,2011-06-09,6,6,5
556232,21135,sold as set on dotcom,-304,0.0,,United Kingdom,-0.0,2011-06-09,5,6,5
556233,21136,sold as set on dotcom,-272,0.0,,United Kingdom,-0.0,2011-06-09,5,6,5
556242,21700,sold as set on dotcom and amazon,-1206,0.0,,United Kingdom,-0.0,2011-06-09,5,6,5
556260,37340,sold as set on dotcom,-18,0.0,,United Kingdom,-0.0,2011-06-09,5,6,5
556261,79051A,sold as set on dotcom,-6,0.0,,United Kingdom,-0.0,2011-06-09,6,6,5
556262,37327,sold as set on dotcom,-95,0.0,,United Kingdom,-0.0,2011-06-09,5,6,5
556299,21937,?,-161,0.0,,United Kingdom,-0.0,2011-06-10,5,6,5
556301,22968,water damage,-50,0.0,,United Kingdom,-0.0,2011-06-10,5,6,5
556306,37479B,sold as set by dotcom,-30,0.0,,United Kingdom,-0.0,2011-06-10,6,6,5
556307,37479P,sold as set on dotcom,-30,0.0,,United Kingdom,-0.0,2011-06-10,6,6,5
556308,22130,sold as set on dotcom,-390,0.0,,United Kingdom,-0.0,2011-06-10,5,6,5
556309,22856,sold as set on dotcom,-30,0.0,,United Kingdom,-0.0,2011-06-10,5,6,5
556310,22944,sold as set on dotcom,-42,0.0,,United Kingdom,-0.0,2011-06-10,5,6,5
556311,37471,sold as set on dotcom,-12,0.0,,United Kingdom,-0.0,2011-06-10,5,6,5
556312,22924,sold as set on dotcom,-30,0.0,,United Kingdom,-0.0,2011-06-10,5,6,5
556313,22923,sold as set on dotcom,-12,0.0,,United Kingdom,-0.0,2011-06-10,5,6,5
556314,23155,sold as set on dotcom,-84,0.0,,United Kingdom,-0.0,2011-06-10,5,6,5
556315,22948,sold as set on dotcom,-108,0.0,,United Kingdom,-0.0,2011-06-10,5,6,5
556316,22128,sold as set on dotcom,-24,0.0,,United Kingdom,-0.0,2011-06-10,5,6,5
556317,22857,sold as set on dotcom,-48,0.0,,United Kingdom,-0.0,2011-06-10,5,6,5
556319,22945,sold as set on dotcom,-618,0.0,,United Kingdom,-0.0,2011-06-10,5,6,5
556320,22922,sold as set on dotcom,-42,0.0,,United Kingdom,-0.0,2011-06-10,5,6,5
556321,79163,sold as set on dotcom,-24,0.0,,United Kingdom,-0.0,2011-06-10,5,6,5
556322,22915,sold as set on dotcom,-204,0.0,,United Kingdom,-0.0,2011-06-10,5,6,5
556687,23003,Printing smudges/thrown away,-9058,0.0,,United Kingdom,-0.0,2011-06-14,5,6,5
556690,23005,printing smudges/thrown away,-9600,0.0,,United Kingdom,-0.0,2011-06-14,5,6,5
556691,23005,printing smudges/thrown away,-9600,0.0,,United Kingdom,-0.0,2011-06-14,5,6,5
556939,46000M,POLYESTER FILLER PAD 45x45cm,80,0.0,,United Kingdom,0.0,2011-06-15,6,6,5
556939,46000S,POLYESTER FILLER PAD 40x40cm,160,0.0,,United Kingdom,0.0,2011-06-15,6,6,5
556955,GIFT_0001_20,to push order througha s stock was ,10,0.0,,United Kingdom,0.0,2011-06-16,12,6,5
556963,35965,found some more on shelf,-9,0.0,,United Kingdom,-0.0,2011-06-16,5,6,5
557035,82583,?,-220,0.0,,United Kingdom,-0.0,2011-06-16,5,6,5
557036,20867,?,-271,0.0,,United Kingdom,-0.0,2011-06-16,5,6,5
557108,23113,Damaged,-1440,0.0,,United Kingdom,-0.0,2011-06-16,5,6,5
557390,21360,Show Samples,-4,0.0,,United Kingdom,-0.0,2011-06-20,5,6,5
557417,84809B,damaged,-324,0.0,,United Kingdom,-0.0,2011-06-20,6,6,5
557596,23114,Damaged,-1440,0.0,,United Kingdom,-0.0,2011-06-21,5,6,5
557597,23115,Damaged,-1440,0.0,,United Kingdom,-0.0,2011-06-21,5,6,5
557599,23116,Damaged,-1440,0.0,,United Kingdom,-0.0,2011-06-21,5,6,5
557600,23117,Damaged,-1440,0.0,,United Kingdom,-0.0,2011-06-21,5,6,5
557784,21421,damaged,-5,0.0,,United Kingdom,-0.0,2011-06-22,5,6,5
558245,22734,FOUND,8,0.0,,United Kingdom,0.0,2011-06-27,5,6,5
558268,21351,damaged,-220,0.0,,United Kingdom,-0.0,2011-06-28,5,6,5
558306,85232D,mix up with c,-118,0.0,,United Kingdom,-0.0,2011-06-28,6,6,5
558340,22514,CHILDS GARDEN SPADE BLUE,1,0.0,,United Kingdom,0.0,2011-06-28,5,6,5
558340,85123A,WHITE HANGING HEART T-LIGHT HOLDER,1,0.0,,United Kingdom,0.0,2011-06-28,6,6,5
558340,22431,WATERING CAN BLUE ELEPHANT,1,0.0,,United Kingdom,0.0,2011-06-28,5,6,5
558340,22430,ENAMEL WATERING CAN CREAM,1,0.0,,United Kingdom,0.0,2011-06-28,5,6,5
558340,22414,DOORMAT NEIGHBOURHOOD WITCH ,1,0.0,,United Kingdom,0.0,2011-06-28,5,6,5
558340,22385,JUMBO BAG SPACEBOY DESIGN,1,0.0,,United Kingdom,0.0,2011-06-28,5,6,5
558340,22380,TOY TIDY SPACEBOY  ,1,0.0,,United Kingdom,0.0,2011-06-28,5,6,5
558340,22364,GLASS JAR DIGESTIVE BISCUITS,1,0.0,,United Kingdom,0.0,2011-06-28,5,6,5
558340,22362,GLASS JAR PEACOCK BATH SALTS,1,0.0,,United Kingdom,0.0,2011-06-28,5,6,5
558340,22357,KINGS CHOICE BISCUIT TIN,3,0.0,,United Kingdom,0.0,2011-06-28,5,6,5
558340,22301,COFFEE MUG CAT + BIRD DESIGN,1,0.0,,United Kingdom,0.0,2011-06-28,5,6,5
558340,21556,CERAMIC STRAWBERRY MONEY BOX,2,0.0,,United Kingdom,0.0,2011-06-28,5,6,5
558340,21116,OWL DOORSTOP,1,0.0,,United Kingdom,0.0,2011-06-28,5,6,5
558340,85099F,JUMBO BAG STRAWBERRY,1,0.0,,United Kingdom,0.0,2011-06-28,6,6,5
558340,85099B,JUMBO BAG RED RETROSPOT,1,0.0,,United Kingdom,0.0,2011-06-28,6,6,5
558340,22627,MINT KITCHEN SCALES,1,0.0,,United Kingdom,0.0,2011-06-28,5,6,5
558340,84692,BOX OF 24 COCKTAIL PARASOLS,1,0.0,,United Kingdom,0.0,2011-06-28,5,6,5
558340,48184,DOORMAT ENGLISH ROSE ,3,0.0,,United Kingdom,0.0,2011-06-28,5,6,5
558340,22692,DOORMAT WELCOME TO OUR HOME,1,0.0,,United Kingdom,0.0,2011-06-28,5,6,5
558340,22684,FRENCH BLUE METAL DOOR SIGN 9,1,0.0,,United Kingdom,0.0,2011-06-28,5,6,5
558340,22685,FRENCH BLUE METAL DOOR SIGN 0,1,0.0,,United Kingdom,0.0,2011-06-28,5,6,5
558340,22683,FRENCH BLUE METAL DOOR SIGN 8,2,0.0,,United Kingdom,0.0,2011-06-28,5,6,5
558340,22679,FRENCH BLUE METAL DOOR SIGN 4,1,0.0,,United Kingdom,0.0,2011-06-28,5,6,5
558340,22678,FRENCH BLUE METAL DOOR SIGN 3,2,0.0,,United Kingdom,0.0,2011-06-28,5,6,5
558340,22686,FRENCH BLUE METAL DOOR SIGN No,4,0.0,,United Kingdom,0.0,2011-06-28,5,6,5
558340,22680,FRENCH BLUE METAL DOOR SIGN 5,4,0.0,,United Kingdom,0.0,2011-06-28,5,6,5
558340,22676,FRENCH BLUE METAL DOOR SIGN 1,3,0.0,,United Kingdom,0.0,2011-06-28,5,6,5
558340,22666,RECIPE BOX PANTRY YELLOW DESIGN,1,0.0,,United Kingdom,0.0,2011-06-28,5,6,5
558340,22665,RECIPE BOX BLUE SKETCHBOOK DESIGN,1,0.0,,United Kingdom,0.0,2011-06-28,5,6,5
558340,22649,STRAWBERRY FAIRY CAKE TEAPOT,1,0.0,,United Kingdom,0.0,2011-06-28,5,6,5
558340,22626,BLACK KITCHEN SCALES,1,0.0,,United Kingdom,0.0,2011-06-28,5,6,5
558340,22526,WHEELBARROW FOR CHILDREN ,1,0.0,,United Kingdom,0.0,2011-06-28,5,6,5
558340,22515,CHILDS GARDEN SPADE PINK,3,0.0,,United Kingdom,0.0,2011-06-28,5,6,5
558369,21082,found,3,0.0,,United Kingdom,0.0,2011-06-28,5,6,5
558379,22618,"mouldy, unsaleable.",-1681,0.0,,United Kingdom,-0.0,2011-06-28,5,6,5
558457,21147,?,-95,0.0,,United Kingdom,-0.0,2011-06-29,5,6,5
558476,84597B,damages,-6,0.0,,United Kingdom,-0.0,2011-06-29,6,6,5
558723,84865,damaged,-7,0.0,,United Kingdom,-0.0,2011-07-01,5,6,5
558725,84944,found,37,0.0,,United Kingdom,0.0,2011-07-01,5,6,5
558730,22060,damaged,-1,0.0,,United Kingdom,-0.0,2011-07-01,5,6,5
559296,23001,TRAVEL CARD WALLET DOTCOMGIFTSHOP,200,0.0,,United Kingdom,0.0,2011-07-07,5,6,5
559296,22616,PACK OF 12 LONDON TISSUES ,204,0.0,,United Kingdom,0.0,2011-07-07,5,6,5
559296,23298,SPOTTY BUNTING,170,0.0,,United Kingdom,0.0,2011-07-07,5,6,5
559314,84584,?,-50,0.0,,United Kingdom,-0.0,2011-07-07,5,6,5
559335,21147,found,72,0.0,,United Kingdom,0.0,2011-07-07,5,6,5
559375,22051,?,-300,0.0,,United Kingdom,-0.0,2011-07-08,5,6,5
559378,21781,damages?,-39,0.0,,United Kingdom,-0.0,2011-07-08,5,6,5
559655,21166,?,-124,0.0,,United Kingdom,-0.0,2011-07-11,5,6,5
559943,21578,?,-251,0.0,,United Kingdom,-0.0,2011-07-14,5,6,5
560039,20713,wrongly marked. 23343 in box,-3100,0.0,,United Kingdom,-0.0,2011-07-14,5,6,5
560040,23343,came coded as 20713,3100,0.0,,United Kingdom,0.0,2011-07-14,5,6,5
560218,16162M,alan hodge cant mamage this section,30,0.0,,United Kingdom,0.0,2011-07-15,6,6,5
560283,22624,IVORY KITCHEN SCALES,12,0.0,,EIRE,0.0,2011-07-18,5,6,5
560283,23196,VINTAGE LEAF MAGNETIC NOTEPAD,12,0.0,,EIRE,0.0,2011-07-18,5,6,5
560328,35968,Found,63,0.0,,United Kingdom,0.0,2011-07-18,5,6,5
560329,35965,found,6,0.0,,United Kingdom,0.0,2011-07-18,5,6,5
560358,35965,dotcom,26,0.0,,United Kingdom,0.0,2011-07-18,5,6,5
560565,82583,FBA,160,0.0,,United Kingdom,0.0,2011-07-19,5,6,5
560717,84576,damaged,-3,0.0,,United Kingdom,-0.0,2011-07-20,5,6,5
561103,85103,stock creditted wrongly,-32,0.0,,United Kingdom,-0.0,2011-07-25,5,6,5
561249,DCGS0073,ebay,-4,0.0,,United Kingdom,-0.0,2011-07-26,8,6,5
561252,DCGS0069,ebay,-5,0.0,,United Kingdom,-0.0,2011-07-26,8,6,5
561253,DCGS0068,ebay,-10,0.0,,United Kingdom,-0.0,2011-07-26,8,6,5
561254,DCGS0067,ebay,-11,0.0,,United Kingdom,-0.0,2011-07-26,8,6,5
561256,DCGS0003,ebay,-7,0.0,,United Kingdom,-0.0,2011-07-26,8,6,5
561326,21294,damaged,-227,0.0,,United Kingdom,-0.0,2011-07-26,5,6,5
561663,22501,incorrectly put back into stock,-108,0.0,,United Kingdom,-0.0,2011-07-28,5,6,5
561665,22171,?,142,0.0,,United Kingdom,0.0,2011-07-28,5,6,5
561920,84352,Damages/samples,-52,0.0,,United Kingdom,-0.0,2011-08-01,5,6,5
561927,22740,?,-1060,0.0,,United Kingdom,-0.0,2011-08-01,5,6,5
562164,21257,?,-94,0.0,,United Kingdom,-0.0,2011-08-03,5,6,5
562278,21391,Sold as 1 on dotcom,-342,0.0,,United Kingdom,-0.0,2011-08-04,5,6,5
562352,21735,damages,-59,0.0,,United Kingdom,-0.0,2011-08-04,5,6,5
562382,22927,?,-40,0.0,,United Kingdom,-0.0,2011-08-04,5,6,5
562383,22523,?,-90,0.0,,United Kingdom,-0.0,2011-08-04,5,6,5
562546,20694,?,-110,0.0,,United Kingdom,-0.0,2011-08-05,5,6,5
563015,46000M,POLYESTER FILLER PAD 45x45cm,160,0.0,,United Kingdom,0.0,2011-08-11,6,6,5
563015,46000S,POLYESTER FILLER PAD 40x40cm,220,0.0,,United Kingdom,0.0,2011-08-11,6,6,5
563453,21033,taig adjust no stock,-24,0.0,,United Kingdom,-0.0,2011-08-16,5,6,5
564229,82583,amazon,20,0.0,,United Kingdom,0.0,2011-08-24,5,6,5
564530,22683,FRENCH BLUE METAL DOOR SIGN 8,3,0.0,,United Kingdom,0.0,2011-08-25,5,6,5
564530,22682,FRENCH BLUE METAL DOOR SIGN 7,1,0.0,,United Kingdom,0.0,2011-08-25,5,6,5
564530,22681,FRENCH BLUE METAL DOOR SIGN 6,3,0.0,,United Kingdom,0.0,2011-08-25,5,6,5
564530,22680,FRENCH BLUE METAL DOOR SIGN 5,1,0.0,,United Kingdom,0.0,2011-08-25,5,6,5
564530,22679,FRENCH BLUE METAL DOOR SIGN 4,3,0.0,,United Kingdom,0.0,2011-08-25,5,6,5
564530,22678,FRENCH BLUE METAL DOOR SIGN 3,3,0.0,,United Kingdom,0.0,2011-08-25,5,6,5
564530,22677,FRENCH BLUE METAL DOOR SIGN 2,4,0.0,,United Kingdom,0.0,2011-08-25,5,6,5
564530,21172,PARTY METAL SIGN ,1,0.0,,United Kingdom,0.0,2011-08-25,5,6,5
564530,21116,OWL DOORSTOP,1,0.0,,United Kingdom,0.0,2011-08-25,5,6,5
564530,20682,RED RETROSPOT CHILDRENS UMBRELLA,1,0.0,,United Kingdom,0.0,2011-08-25,5,6,5
564530,85123A,WHITE HANGING HEART T-LIGHT HOLDER,1,0.0,,United Kingdom,0.0,2011-08-25,6,6,5
564530,22692,DOORMAT WELCOME TO OUR HOME,1,0.0,,United Kingdom,0.0,2011-08-25,5,6,5
564530,22686,FRENCH BLUE METAL DOOR SIGN No,2,0.0,,United Kingdom,0.0,2011-08-25,5,6,5
564530,22627,MINT KITCHEN SCALES,3,0.0,,United Kingdom,0.0,2011-08-25,5,6,5
564530,22427,ENAMEL FLOWER JUG CREAM,1,0.0,,United Kingdom,0.0,2011-08-25,5,6,5
564530,22366,DOORMAT AIRMAIL ,1,0.0,,United Kingdom,0.0,2011-08-25,5,6,5
564530,22365,DOORMAT RESPECTABLE HOUSE,1,0.0,,United Kingdom,0.0,2011-08-25,5,6,5
564530,22362,GLASS JAR PEACOCK BATH SALTS,1,0.0,,United Kingdom,0.0,2011-08-25,5,6,5
564530,22363,GLASS JAR MARMALADE ,1,0.0,,United Kingdom,0.0,2011-08-25,5,6,5
564530,22359,GLASS JAR KINGS CHOICE,1,0.0,,United Kingdom,0.0,2011-08-25,5,6,5
564530,22357,KINGS CHOICE BISCUIT TIN,1,0.0,,United Kingdom,0.0,2011-08-25,5,6,5
564530,21899,GARAGE KEY FOB,1,0.0,,United Kingdom,0.0,2011-08-25,5,6,5
564530,21900,"KEY FOB , SHED",1,0.0,,United Kingdom,0.0,2011-08-25,5,6,5
564530,21901,"KEY FOB , BACK DOOR ",1,0.0,,United Kingdom,0.0,2011-08-25,5,6,5
564530,21561,DINOSAUR LUNCH BOX WITH CUTLERY,1,0.0,,United Kingdom,0.0,2011-08-25,5,6,5
564530,21452,TOADSTOOL MONEY BOX,1,0.0,,United Kingdom,0.0,2011-08-25,5,6,5
564530,22685,FRENCH BLUE METAL DOOR SIGN 0,3,0.0,,United Kingdom,0.0,2011-08-25,5,6,5
564530,22676,FRENCH BLUE METAL DOOR SIGN 1,3,0.0,,United Kingdom,0.0,2011-08-25,5,6,5
564530,22684,FRENCH BLUE METAL DOOR SIGN 9,1,0.0,,United Kingdom,0.0,2011-08-25,5,6,5
564645,82583,amazon,44,0.0,,United Kingdom,0.0,2011-08-26,5,6,5
564914,85132C,damages,-109,0.0,,United Kingdom,-0.0,2011-08-31,6,6,5
565288,23135,?,101,0.0,,United Kingdom,0.0,2011-09-02,5,6,5
565296,84929,code mix up? 84930,-967,0.0,,United Kingdom,-0.0,2011-09-02,5,6,5
565297,84877D,?,-203,0.0,,United Kingdom,-0.0,2011-09-02,6,6,5
565302,21682,?display?,-156,0.0,,United Kingdom,-0.0,2011-09-02,5,6,5
565306,21830,sold as 1,-252,0.0,,United Kingdom,-0.0,2011-09-02,5,6,5
565307,21830,?,-443,0.0,,United Kingdom,-0.0,2011-09-02,5,6,5
565308,21829,sold as 1,-432,0.0,,United Kingdom,-0.0,2011-09-02,5,6,5
565310,21829,?missing,-1897,0.0,,United Kingdom,-0.0,2011-09-02,5,6,5
565370,82494L,crushed ctn,-33,0.0,,United Kingdom,-0.0,2011-09-02,6,6,5
565371,82483,crushed,-13,0.0,,United Kingdom,-0.0,2011-09-02,5,6,5
565385,22435,?missing,-434,0.0,,United Kingdom,-0.0,2011-09-02,5,6,5
565935,23064,Crushed,-8,0.0,,United Kingdom,-0.0,2011-09-08,5,6,5
566064,22355,test,1,0.0,,United Kingdom,0.0,2011-09-08,5,6,5
566122,23084,temp adjustment,-484,0.0,,United Kingdom,-0.0,2011-09-09,5,6,5
566324,22035,taig adjust,1,0.0,,United Kingdom,0.0,2011-09-12,5,6,5
566325,22035,taig adjust,36,0.0,,United Kingdom,0.0,2011-09-12,5,6,5
566327,23084,allocate stock for dotcom orders ta,4,0.0,,United Kingdom,0.0,2011-09-12,5,6,5
566449,20856,??,-140,0.0,,United Kingdom,-0.0,2011-09-12,5,6,5
566476,23084,add stock to allocate online orders,2,0.0,,United Kingdom,0.0,2011-09-13,5,6,5
566478,23084,for online retail orders,1,0.0,,United Kingdom,0.0,2011-09-13,5,6,5
566573,22823,test,-22,0.0,,United Kingdom,-0.0,2011-09-13,5,6,5
566574,22823,test,22,0.0,,United Kingdom,0.0,2011-09-13,5,6,5
566712,22030,??,-635,0.0,,United Kingdom,-0.0,2011-09-14,5,6,5
566982,85049B,Amazon,1,0.0,,United Kingdom,0.0,2011-09-16,6,6,5
566983,23084,Amazon,1,0.0,,United Kingdom,0.0,2011-09-16,5,6,5
567113,85215,Damaged,-29,0.0,,United Kingdom,-0.0,2011-09-16,5,6,5
567125,21246,damaged,-2,0.0,,United Kingdom,-0.0,2011-09-16,5,6,5
567127,85230E,Damaged,-48,0.0,,United Kingdom,-0.0,2011-09-16,6,6,5
567129,72127,found box,24,0.0,,United Kingdom,0.0,2011-09-16,5,6,5
567131,21830,damaged,192,0.0,,United Kingdom,0.0,2011-09-16,5,6,5
567132,21830,OOPS ! adjustment,-384,0.0,,United Kingdom,-0.0,2011-09-16,5,6,5
567133,85185B,Found in w/hse,50,0.0,,United Kingdom,0.0,2011-09-16,6,6,5
567137,84929,found,600,0.0,,United Kingdom,0.0,2011-09-16,5,6,5
567143,21179,damaged,-14,0.0,,United Kingdom,-0.0,2011-09-16,5,6,5
567149,35607B,thrown away,-9,0.0,,United Kingdom,-0.0,2011-09-16,6,6,5
567150,35817P,thrown away,-44,0.0,,United Kingdom,-0.0,2011-09-16,6,6,5
567152,35598C,found,3,0.0,,United Kingdom,0.0,2011-09-16,6,6,5
567201,23084,website fixed,110,0.0,,United Kingdom,0.0,2011-09-19,5,6,5
567629,40016,?,-752,0.0,,United Kingdom,-0.0,2011-09-21,5,6,5
567693,85199L,?,-250,0.0,,United Kingdom,-0.0,2011-09-21,6,6,5
567918,79163,damaged,-1,0.0,,United Kingdom,-0.0,2011-09-22,5,6,5
567920,84875D,found,5,0.0,,United Kingdom,0.0,2011-09-22,6,6,5
567921,21089,damaged,-7,0.0,,United Kingdom,-0.0,2011-09-22,5,6,5
567923,37343,damaged,-2,0.0,,United Kingdom,-0.0,2011-09-22,5,6,5
567925,84876D,damaged,-2,0.0,,United Kingdom,-0.0,2011-09-22,6,6,5
567926,84877D,found,1,0.0,,United Kingdom,0.0,2011-09-22,6,6,5
567927,21654,Damaged,-3,0.0,,United Kingdom,-0.0,2011-09-22,5,6,5
567931,84563B,damaged,-11,0.0,,United Kingdom,-0.0,2011-09-22,6,6,5
567933,84422,Dagamed,-30,0.0,,United Kingdom,-0.0,2011-09-22,5,6,5
568302,20700,?,-121,0.0,,United Kingdom,-0.0,2011-09-26,5,6,5
568401,21394,damages,-35,0.0,,United Kingdom,-0.0,2011-09-27,5,6,5
568442,37327,damages,-131,0.0,,United Kingdom,-0.0,2011-09-27,5,6,5
568567,46000S,POLYESTER FILLER PAD 40x40cm,320,0.0,,United Kingdom,0.0,2011-09-27,6,6,5
568567,46000M,POLYESTER FILLER PAD 45x45cm,140,0.0,,United Kingdom,0.0,2011-09-27,6,6,5
568724,84816,damages,-21,0.0,,United Kingdom,-0.0,2011-09-28,5,6,5
568946,22740,adjustment,89,0.0,,United Kingdom,0.0,2011-09-29,5,6,5
568948,20984,found,120,0.0,,United Kingdom,0.0,2011-09-29,5,6,5
569098,21098,damages?,-231,0.0,,United Kingdom,-0.0,2011-09-30,5,6,5
569131,22927,damaged,-5,0.0,,United Kingdom,-0.0,2011-09-30,5,6,5
569256,20774,damaged,-14,0.0,,United Kingdom,-0.0,2011-10-03,5,6,5
569335,84660A,damaged,-15,0.0,,United Kingdom,-0.0,2011-10-03,6,6,5
569341,82600,historic computer difference?....se,-458,0.0,,United Kingdom,-0.0,2011-10-03,5,6,5
569463,23268,Lighthouse Trading zero invc incorr,192,0.0,,United Kingdom,0.0,2011-10-04,5,6,5
569464,23268,Incorrect stock entry.,-1440,0.0,,United Kingdom,-0.0,2011-10-04,5,6,5
569465,23269,incorrect stock entry.,-1440,0.0,,United Kingdom,-0.0,2011-10-04,5,6,5
569466,23270,incorrect stock entry.,-2880,0.0,,United Kingdom,-0.0,2011-10-04,5,6,5
569657,84944,michel oops,22,0.0,,United Kingdom,0.0,2011-10-05,5,6,5
569830,23343,wrongly coded 20713,800,0.0,,United Kingdom,0.0,2011-10-06,5,6,5
569831,20713,wrongly coded-23343,-800,0.0,,United Kingdom,-0.0,2011-10-06,5,6,5
569854,35954,counted,-430,0.0,,United Kingdom,-0.0,2011-10-06,5,6,5
569855,23412,?,-30,0.0,,United Kingdom,-0.0,2011-10-06,5,6,5
569874,90180A,stock check,-32,0.0,,United Kingdom,-0.0,2011-10-06,6,6,5
569875,90195A,check,-45,0.0,,United Kingdom,-0.0,2011-10-06,6,6,5
569876,90210D,check,-28,0.0,,United Kingdom,-0.0,2011-10-06,6,6,5
569878,90057,crushed boxes,-380,0.0,,United Kingdom,-0.0,2011-10-06,5,6,5
569879,90012B,check,-5,0.0,,United Kingdom,-0.0,2011-10-06,6,6,5
569880,90012A,stock check,-18,0.0,,United Kingdom,-0.0,2011-10-06,6,6,5
569883,90014A,check,-12,0.0,,United Kingdom,-0.0,2011-10-06,6,6,5
569886,90191,??,-60,0.0,,United Kingdom,-0.0,2011-10-06,5,6,5
570110,22570,?,-74,0.0,,United Kingdom,-0.0,2011-10-07,5,6,5
570112,22569,?,-84,0.0,,United Kingdom,-0.0,2011-10-07,5,6,5
570185,21090,WET/MOULDY,-192,0.0,,United Kingdom,-0.0,2011-10-07,5,6,5
570193,22449,can't find,-125,0.0,,United Kingdom,-0.0,2011-10-07,5,6,5
570294,84249A,damaged,-25,0.0,,United Kingdom,-0.0,2011-10-10,6,6,5
570403,47574A,check,-61,0.0,,United Kingdom,-0.0,2011-10-10,6,6,5
570440,21424,damages,-40,0.0,,United Kingdom,-0.0,2011-10-10,5,6,5
570595,21823,check,-94,0.0,,United Kingdom,-0.0,2011-10-11,5,6,5
570596,21803,check,-38,0.0,,United Kingdom,-0.0,2011-10-11,5,6,5
570599,84596G,??,-365,0.0,,United Kingdom,-0.0,2011-10-11,6,6,5
570691,85231G,check,-110,0.0,,United Kingdom,-0.0,2011-10-11,6,6,5
570711,21622,damages,-45,0.0,,United Kingdom,-0.0,2011-10-12,5,6,5
570712,22121,?,-90,0.0,,United Kingdom,-0.0,2011-10-12,5,6,5
570822,22501,Found,24,0.0,,United Kingdom,0.0,2011-10-12,5,6,5
570860,16168M,found,44,0.0,,United Kingdom,0.0,2011-10-12,6,6,5
570873,23322,mouldy,-40,0.0,,United Kingdom,-0.0,2011-10-12,5,6,5
570874,23020,smashed,-4,0.0,,United Kingdom,-0.0,2011-10-12,5,6,5
571024,22812,?,-270,0.0,,United Kingdom,-0.0,2011-10-13,5,6,5
571112,22637,damages,-65,0.0,,United Kingdom,-0.0,2011-10-13,5,6,5
571116,23131,?,-49,0.0,,United Kingdom,-0.0,2011-10-13,5,6,5
571124,72802A,Wet pallet-thrown away,-306,0.0,,United Kingdom,-0.0,2011-10-14,6,6,5
571126,72802A,?,-50,0.0,,United Kingdom,-0.0,2011-10-14,6,6,5
571128,72802A,Had been put aside.,54,0.0,,United Kingdom,0.0,2011-10-14,6,6,5
571130,72802C,check,-37,0.0,,United Kingdom,-0.0,2011-10-14,6,6,5
571131,72802B,check,-51,0.0,,United Kingdom,-0.0,2011-10-14,6,6,5
571254,23427,damaged,-2,0.0,,United Kingdom,-0.0,2011-10-14,5,6,5
571458,21761,damaged,-2,0.0,,United Kingdom,-0.0,2011-10-17,5,6,5
571459,20839,damages,-80,0.0,,United Kingdom,-0.0,2011-10-17,5,6,5
571633,20713,found,100,0.0,,United Kingdom,0.0,2011-10-18,5,6,5
571686,22149,damages,-40,0.0,,United Kingdom,-0.0,2011-10-18,5,6,5
571687,22149,check,-46,0.0,,United Kingdom,-0.0,2011-10-18,5,6,5
571704,23579,Sale error,4,0.0,,United Kingdom,0.0,2011-10-18,5,6,5
571915,21627,check,-32,0.0,,United Kingdom,-0.0,2011-10-19,5,6,5
572345,20713,Found,100,0.0,,United Kingdom,0.0,2011-10-24,5,6,5
572468,72803A,damages,-160,0.0,,United Kingdom,-0.0,2011-10-24,6,6,5
572476,20665,dotcom,21,0.0,,United Kingdom,0.0,2011-10-24,5,6,5
572477,20665,adjustment,-15,0.0,,United Kingdom,-0.0,2011-10-24,5,6,5
572480,22049,damaged,-100,0.0,,United Kingdom,-0.0,2011-10-24,5,6,5
572510,20967,Amazon Adjustment,1,0.0,,United Kingdom,0.0,2011-10-24,5,6,5
572516,22336,damaged,-71,0.0,,United Kingdom,-0.0,2011-10-24,5,6,5
572527,20984,damaged,-46,0.0,,United Kingdom,-0.0,2011-10-24,5,6,5
572547,20713,wrongly marked 23343,200,0.0,,United Kingdom,0.0,2011-10-24,5,6,5
572548,23343,20713 wrongly marked,-200,0.0,,United Kingdom,-0.0,2011-10-24,5,6,5
572557,22427,damages,-29,0.0,,United Kingdom,-0.0,2011-10-24,5,6,5
572614,23595,adjustment,5,0.0,,United Kingdom,0.0,2011-10-25,5,6,5
572615,23595,re-adjustment,-5,0.0,,United Kingdom,-0.0,2011-10-25,5,6,5
572684,23029,damages,-20,0.0,,United Kingdom,-0.0,2011-10-25,5,6,5
572685,23032,damages,-60,0.0,,United Kingdom,-0.0,2011-10-25,5,6,5
572686,23118,Breakages,-30,0.0,,United Kingdom,-0.0,2011-10-25,5,6,5
572687,20840,damages,-30,0.0,,United Kingdom,-0.0,2011-10-25,5,6,5
572689,84969,check,-50,0.0,,United Kingdom,-0.0,2011-10-25,5,6,5
572690,21539,damages?,-111,0.0,,United Kingdom,-0.0,2011-10-25,5,6,5
572691,22426,check,-15,0.0,,United Kingdom,-0.0,2011-10-25,5,6,5
572692,21071,check,-82,0.0,,United Kingdom,-0.0,2011-10-25,5,6,5
572693,35810A,check,-78,0.0,,United Kingdom,-0.0,2011-10-25,6,6,5
572697,22087,Amazon,6,0.0,,United Kingdom,0.0,2011-10-25,5,6,5
572698,82613A,Amazon,1,0.0,,United Kingdom,0.0,2011-10-25,6,6,5
572701,85078,missing,-840,0.0,,United Kingdom,-0.0,2011-10-25,5,6,5
572702,37479P,??,-184,0.0,,United Kingdom,-0.0,2011-10-25,6,6,5
572723,21829,adjustment,12,0.0,,United Kingdom,0.0,2011-10-25,5,6,5
572724,84507C,adjustment,4,0.0,,United Kingdom,0.0,2011-10-25,6,6,5
572725,20754,Found,57,0.0,,United Kingdom,0.0,2011-10-25,5,6,5
572739,21578,found,16,0.0,,United Kingdom,0.0,2011-10-25,5,6,5
572740,22687,adjustment,1,0.0,,United Kingdom,0.0,2011-10-25,5,6,5
572748,21824,check,-103,0.0,,United Kingdom,-0.0,2011-10-25,5,6,5
572749,22572,??,-335,0.0,,United Kingdom,-0.0,2011-10-25,5,6,5
572890,20713,Marked as 23343,400,0.0,,United Kingdom,0.0,2011-10-26,5,6,5
572891,23343,20713,-400,0.0,,United Kingdom,-0.0,2011-10-26,5,6,5
572919,72802C,check,-17,0.0,,United Kingdom,-0.0,2011-10-26,6,6,5
572920,72803A,?,117,0.0,,United Kingdom,0.0,2011-10-26,6,6,5
572996,23462,damages,-34,0.0,,United Kingdom,-0.0,2011-10-27,5,6,5
573107,21794,adjustment,10,0.0,,United Kingdom,0.0,2011-10-27,5,6,5
573114,20713,wrongly coded 23343,1000,0.0,,United Kingdom,0.0,2011-10-27,5,6,5
573115,23343,wrongly coded 20713,-1000,0.0,,United Kingdom,-0.0,2011-10-27,5,6,5
573118,85032D,damaged,-1,0.0,,United Kingdom,-0.0,2011-10-27,6,6,5
573169,35600A,Found by jackie,1,0.0,,United Kingdom,0.0,2011-10-28,6,6,5
573170,21174,found,71,0.0,,United Kingdom,0.0,2011-10-28,5,6,5
573254,85135C,Damages,-49,0.0,,United Kingdom,-0.0,2011-10-28,6,6,5
573255,85135B,check,3,0.0,,United Kingdom,0.0,2011-10-28,6,6,5
573258,85136C,damages,-36,0.0,,United Kingdom,-0.0,2011-10-28,6,6,5
573259,85136A,damages,-77,0.0,,United Kingdom,-0.0,2011-10-28,6,6,5
573293,21181,adjustment,10,0.0,,United Kingdom,0.0,2011-10-28,5,6,5
573463,17012B,check,-70,0.0,,United Kingdom,-0.0,2011-10-31,6,6,5
573482,21181,check,-54,0.0,,United Kingdom,-0.0,2011-10-31,5,6,5
573487,23400,check,-19,0.0,,United Kingdom,-0.0,2011-10-31,5,6,5
573489,85035B,check,-36,0.0,,United Kingdom,-0.0,2011-10-31,6,6,5
573490,85035A,CHECK,-59,0.0,,United Kingdom,-0.0,2011-10-31,6,6,5
573491,21618,CHECK,-54,0.0,,United Kingdom,-0.0,2011-10-31,5,6,5
573493,21619,check,-94,0.0,,United Kingdom,-0.0,2011-10-31,5,6,5
573494,47503H,check,-24,0.0,,United Kingdom,-0.0,2011-10-31,6,6,5
573495,22117,check,184,0.0,,United Kingdom,0.0,2011-10-31,5,6,5
573497,21642,check,-138,0.0,,United Kingdom,-0.0,2011-10-31,5,6,5
573498,21636,check,-22,0.0,,United Kingdom,-0.0,2011-10-31,5,6,5
573499,21192,check,-164,0.0,,United Kingdom,-0.0,2011-10-31,5,6,5
573503,22595,check,-80,0.0,,United Kingdom,-0.0,2011-10-31,5,6,5
573505,85208,check,-22,0.0,,United Kingdom,-0.0,2011-10-31,5,6,5
573547,84818,damages,-70,0.0,,United Kingdom,-0.0,2011-10-31,5,6,5
573590,79323G,"Unsaleable, destroyed.",-657,0.0,,United Kingdom,-0.0,2011-10-31,6,6,5
573591,79323B,"Unsaleable, destroyed.",-1671,0.0,,United Kingdom,-0.0,2011-10-31,6,6,5
573592,79323GR,"Unsaleable, destroyed.",-1158,0.0,,United Kingdom,-0.0,2011-10-31,7,6,5
573593,79323LP,"Unsaleable, destroyed.",-2618,0.0,,United Kingdom,-0.0,2011-10-31,7,6,5
573594,79323P,"Unsaleable, destroyed.",-2003,0.0,,United Kingdom,-0.0,2011-10-31,6,6,5
573595,79323S,"Unsaleable, destroyed.",-674,0.0,,United Kingdom,-0.0,2011-10-31,6,6,5
573596,79323W,"Unsaleable, destroyed.",-4830,0.0,,United Kingdom,-0.0,2011-10-31,6,6,5
573597,79341,"Unsaleable, destroyed.",-905,0.0,,United Kingdom,-0.0,2011-10-31,5,6,5
573598,79342B,"Unsaleable, destroyed.",-1128,0.0,,United Kingdom,-0.0,2011-10-31,6,6,5
573664,21192,wrongly marked,48,0.0,,United Kingdom,0.0,2011-10-31,5,6,5
573670,22176,check,-28,0.0,,United Kingdom,-0.0,2011-10-31,5,6,5
573672,22522,check,-126,0.0,,United Kingdom,-0.0,2011-10-31,5,6,5
573726,72817,check,-67,0.0,,United Kingdom,-0.0,2011-10-31,5,6,5
573734,72818,check,-26,0.0,,United Kingdom,-0.0,2011-10-31,5,6,5
573751,46000U,check,10,0.0,,United Kingdom,0.0,2011-11-01,6,6,5
573752,46000S,dotcom sales,-90,0.0,,United Kingdom,-0.0,2011-11-01,6,6,5
573815,20902,check,-3,0.0,,United Kingdom,-0.0,2011-11-01,5,6,5
573816,20898,check,-10,0.0,,United Kingdom,-0.0,2011-11-01,5,6,5
573880,22812,check,48,0.0,,United Kingdom,0.0,2011-11-01,5,6,5
573881,21098,had been put aside,108,0.0,,United Kingdom,0.0,2011-11-01,5,6,5
573882,23131,had been put aside,48,0.0,,United Kingdom,0.0,2011-11-01,5,6,5
573883,22121,had been put aside,32,0.0,,United Kingdom,0.0,2011-11-01,5,6,5
573884,22687,had been put aside,20,0.0,,United Kingdom,0.0,2011-11-01,5,6,5
573885,22689,had been put aside,40,0.0,,United Kingdom,0.0,2011-11-01,5,6,5
573919,21352,check,-23,0.0,,United Kingdom,-0.0,2011-11-01,5,6,5
573920,84050,check,14,0.0,,United Kingdom,0.0,2011-11-01,5,6,5
573926,47503A,check,65,0.0,,United Kingdom,0.0,2011-11-02,6,6,5
573978,21644,check,27,0.0,,United Kingdom,0.0,2011-11-02,5,6,5
573979,35968,check,9,0.0,,United Kingdom,0.0,2011-11-02,5,6,5
573980,21539,check,4,0.0,,United Kingdom,0.0,2011-11-02,5,6,5
573981,21700,check,26,0.0,,United Kingdom,0.0,2011-11-02,5,6,5
573983,82600,check,3,0.0,,United Kingdom,0.0,2011-11-02,5,6,5
573984,16207A,check,2,0.0,,United Kingdom,0.0,2011-11-02,6,6,5
573985,22848,check,2,0.0,,United Kingdom,0.0,2011-11-02,5,6,5
573986,84659A,check,19,0.0,,United Kingdom,0.0,2011-11-02,6,6,5
573987,21349,check,1,0.0,,United Kingdom,0.0,2011-11-02,5,6,5
573988,22925,check,1,0.0,,United Kingdom,0.0,2011-11-02,5,6,5
573989,23091,check,2,0.0,,United Kingdom,0.0,2011-11-02,5,6,5
573990,22606,check,1,0.0,,United Kingdom,0.0,2011-11-02,5,6,5
573991,21804,check,36,0.0,,United Kingdom,0.0,2011-11-02,5,6,5
574094,22147,check,-80,0.0,,United Kingdom,-0.0,2011-11-03,5,6,5
574123,22652,check,-111,0.0,,United Kingdom,-0.0,2011-11-03,5,6,5
574171,21818,check,-130,0.0,,United Kingdom,-0.0,2011-11-03,5,6,5
574173,35923,check,-42,0.0,,United Kingdom,-0.0,2011-11-03,5,6,5
574176,85054,check,-39,0.0,,United Kingdom,-0.0,2011-11-03,5,6,5
574198,21159,damaged,-40,0.0,,United Kingdom,-0.0,2011-11-03,5,6,5
574438,85054,found,27,0.0,,United Kingdom,0.0,2011-11-04,5,6,5
574577,21519,check,-80,0.0,,United Kingdom,-0.0,2011-11-04,5,6,5
574578,40001,check,-240,0.0,,United Kingdom,-0.0,2011-11-04,5,6,5
574579,72802B,check,-203,0.0,,United Kingdom,-0.0,2011-11-04,6,6,5
574580,20751,check,-35,0.0,,United Kingdom,-0.0,2011-11-04,5,6,5
574581,23187,check,-62,0.0,,United Kingdom,-0.0,2011-11-04,5,6,5
574582,84279P,check,-104,0.0,,United Kingdom,-0.0,2011-11-04,6,6,5
574583,22892,check,-62,0.0,,United Kingdom,-0.0,2011-11-04,5,6,5
574757,72802C,damages,-54,0.0,,United Kingdom,-0.0,2011-11-07,6,6,5
574816,85036C,damages wax,-1560,0.0,,United Kingdom,-0.0,2011-11-07,6,6,5
574822,85036B,damages wax,-1284,0.0,,United Kingdom,-0.0,2011-11-07,6,6,5
574906,85034A,damaged,-81,0.0,,United Kingdom,-0.0,2011-11-07,6,6,5
575048,84665,water damaged,-15,0.0,,United Kingdom,-0.0,2011-11-08,5,6,5
575175,84279P,found,84,0.0,,United Kingdom,0.0,2011-11-08,6,6,5
575287,84508A,check,-39,0.0,,United Kingdom,-0.0,2011-11-09,6,6,5
575518,10080,check,22,0.0,,United Kingdom,0.0,2011-11-10,5,6,5
575613,23118,check,-6,0.0,,United Kingdom,-0.0,2011-11-10,5,6,5
575614,22121,check,-10,0.0,,United Kingdom,-0.0,2011-11-10,5,6,5
575615,82582,??,-130,0.0,,United Kingdom,-0.0,2011-11-10,5,6,5
575617,21014,check,-90,0.0,,United Kingdom,-0.0,2011-11-10,5,6,5
575625,35972,check,-3,0.0,,United Kingdom,-0.0,2011-11-10,5,6,5
575704,21843,smashed,-63,0.0,,United Kingdom,-0.0,2011-11-10,5,6,5
575714,85125,check,-64,0.0,,United Kingdom,-0.0,2011-11-10,5,6,5
575715,72802B,check,-36,0.0,,United Kingdom,-0.0,2011-11-10,6,6,5
575716,72802C,check,-21,0.0,,United Kingdom,-0.0,2011-11-10,6,6,5
575717,85175,check,-42,0.0,,United Kingdom,-0.0,2011-11-10,5,6,5
575719,35954,check,24,0.0,,United Kingdom,0.0,2011-11-10,5,6,5
575720,21817,check,-8,0.0,,United Kingdom,-0.0,2011-11-10,5,6,5
575721,22804,Wrongly mrked had 85123a in box,-256,0.0,,United Kingdom,-0.0,2011-11-10,5,6,5
575722,85123A,wrongly marked carton 22804,-256,0.0,,United Kingdom,-0.0,2011-11-10,6,6,5
575748,23298,SPOTTY BUNTING,1,0.0,,United Kingdom,0.0,2011-11-11,5,6,5
575907,22268,check,-10,0.0,,United Kingdom,-0.0,2011-11-11,5,6,5
575909,20711,check,-220,0.0,,United Kingdom,-0.0,2011-11-11,5,6,5
575912,22943,check,-7,0.0,,United Kingdom,-0.0,2011-11-11,5,6,5
576109,21181,adjustment,180,0.0,,United Kingdom,0.0,2011-11-14,5,6,5
576185,22575,missing?,-130,0.0,,United Kingdom,-0.0,2011-11-14,5,6,5
576250,71279,damages,-74,0.0,,United Kingdom,-0.0,2011-11-14,5,6,5
576366,23072,damages,-50,0.0,,United Kingdom,-0.0,2011-11-14,5,6,5
576367,23071,damages,-65,0.0,,United Kingdom,-0.0,2011-11-14,5,6,5
576368,21135,wet rusty,-864,0.0,,United Kingdom,-0.0,2011-11-14,5,6,5
576369,21135,wet rusty,-288,0.0,,United Kingdom,-0.0,2011-11-14,5,6,5
576407,47590B,check,-57,0.0,,United Kingdom,-0.0,2011-11-15,6,6,5
576410,71038,check,-16,0.0,,United Kingdom,-0.0,2011-11-15,5,6,5
576411,85111,check,-117,0.0,,United Kingdom,-0.0,2011-11-15,5,6,5
576413,17012C,check,-22,0.0,,United Kingdom,-0.0,2011-11-15,6,6,5
576414,17012F,check,14,0.0,,United Kingdom,0.0,2011-11-15,6,6,5
576419,85036B,check,-23,0.0,,United Kingdom,-0.0,2011-11-15,6,6,5
576424,85036C,check,-4,0.0,,United Kingdom,-0.0,2011-11-15,6,6,5
576426,21051,found,240,0.0,,United Kingdom,0.0,2011-11-15,5,6,5
576436,22943,check,-26,0.0,,United Kingdom,-0.0,2011-11-15,5,6,5
576632,21823,amazon adjust,10,0.0,,United Kingdom,0.0,2011-11-16,5,6,5
576643,85127,found,6,0.0,,United Kingdom,0.0,2011-11-16,5,6,5
576673,22548,adjustment,4,0.0,,United Kingdom,0.0,2011-11-16,5,6,5
576674,21823,damaged,-6,0.0,,United Kingdom,-0.0,2011-11-16,5,6,5
576675,37327,adjustment,3,0.0,,United Kingdom,0.0,2011-11-16,5,6,5
576762,21744,check,-21,0.0,,United Kingdom,-0.0,2011-11-16,5,6,5
576763,23035,check,-64,0.0,,United Kingdom,-0.0,2011-11-16,5,6,5
576764,16008,check,-1510,0.0,,United Kingdom,-0.0,2011-11-16,5,6,5
576765,22219,???lost,-550,0.0,,United Kingdom,-0.0,2011-11-16,5,6,5
576766,85019B,check,15,0.0,,United Kingdom,0.0,2011-11-16,6,6,5
576767,22339,check,-60,0.0,,United Kingdom,-0.0,2011-11-16,5,6,5
576773,22181,check,-92,0.0,,United Kingdom,-0.0,2011-11-16,5,6,5
576776,21811,check,-240,0.0,,United Kingdom,-0.0,2011-11-16,5,6,5
576839,35818B,adjustment,-22,0.0,,United Kingdom,-0.0,2011-11-16,6,6,5
576843,10133,damaged,-82,0.0,,United Kingdom,-0.0,2011-11-16,5,6,5
577037,72817,dotcomstock,4,0.0,,United Kingdom,0.0,2011-11-17,5,6,5
577102,21915,John Lewis,200,0.0,,United Kingdom,0.0,2011-11-17,5,6,5
577111,22587,check,-41,0.0,,United Kingdom,-0.0,2011-11-17,5,6,5
577112,22586,check,-30,0.0,,United Kingdom,-0.0,2011-11-17,5,6,5
577113,22271,check,-43,0.0,,United Kingdom,-0.0,2011-11-17,5,6,5
577114,21786,check,-209,0.0,,United Kingdom,-0.0,2011-11-17,5,6,5
577115,85035C,check,-24,0.0,,United Kingdom,-0.0,2011-11-17,6,6,5
577116,21165,check,-28,0.0,,United Kingdom,-0.0,2011-11-17,5,6,5
577117,22149,check,34,0.0,,United Kingdom,0.0,2011-11-17,5,6,5
577118,22286,check,-47,0.0,,United Kingdom,-0.0,2011-11-17,5,6,5
577119,22778,check,-10,0.0,,United Kingdom,-0.0,2011-11-17,5,6,5
577120,20752,check,-10,0.0,,United Kingdom,-0.0,2011-11-17,5,6,5
577122,23348,sold with wrong barcode,-57,0.0,,United Kingdom,-0.0,2011-11-17,5,6,5
577123,23288,check,-63,0.0,,United Kingdom,-0.0,2011-11-17,5,6,5
577124,22759,check,-327,0.0,,United Kingdom,-0.0,2011-11-17,5,6,5
577144,22759,found,96,0.0,,United Kingdom,0.0,2011-11-18,5,6,5
577145,20832,check,110,0.0,,United Kingdom,0.0,2011-11-18,5,6,5
577263,47503H,found,66,0.0,,United Kingdom,0.0,2011-11-18,6,6,5
577304,20956,check,-152,0.0,,United Kingdom,-0.0,2011-11-18,5,6,5
577305,22946,check,-21,0.0,,United Kingdom,-0.0,2011-11-18,5,6,5
577307,16169E,check,-313,0.0,,United Kingdom,-0.0,2011-11-18,6,6,5
577611,23118,dotcom adjust,10,0.0,,United Kingdom,0.0,2011-11-21,5,6,5
577612,21181,dotcom,20,0.0,,United Kingdom,0.0,2011-11-21,5,6,5
577787,23055,rusty thrown away,-398,0.0,,United Kingdom,-0.0,2011-11-21,5,6,5
577788,23056,rusty throw away,-210,0.0,,United Kingdom,-0.0,2011-11-21,5,6,5
577789,23057,rusty throw away,-280,0.0,,United Kingdom,-0.0,2011-11-21,5,6,5
577829,85231G,amazon,1,0.0,,United Kingdom,0.0,2011-11-22,6,6,5
577836,21888,check,-57,0.0,,United Kingdom,-0.0,2011-11-22,5,6,5
577942,21811,check,26,0.0,,United Kingdom,0.0,2011-11-22,5,6,5
577944,47503A,check,56,0.0,,United Kingdom,0.0,2011-11-22,6,6,5
577947,21992,check,13,0.0,,United Kingdom,0.0,2011-11-22,5,6,5
577949,21804,check,44,0.0,,United Kingdom,0.0,2011-11-22,5,6,5
577953,23348,check,5,0.0,,United Kingdom,0.0,2011-11-22,5,6,5
577954,17136A,check,3,0.0,,United Kingdom,0.0,2011-11-22,6,6,5
577959,85107,check?,374,0.0,,United Kingdom,0.0,2011-11-22,5,6,5
577999,21018,damaged,-63,0.0,,United Kingdom,-0.0,2011-11-22,5,6,5
578095,23397,damaged,-9,0.0,,United Kingdom,-0.0,2011-11-22,5,6,5
578145,22579,dotcom,-40,0.0,,United Kingdom,-0.0,2011-11-23,5,6,5
578245,22568,?? missing,-170,0.0,,United Kingdom,-0.0,2011-11-23,5,6,5
578327,72807A,wet pallet,-504,0.0,,United Kingdom,-0.0,2011-11-23,6,6,5
578328,72807B,wet pallet,-696,0.0,,United Kingdom,-0.0,2011-11-23,6,6,5
578329,72807C,wet pallet,-408,0.0,,United Kingdom,-0.0,2011-11-23,6,6,5
578374,21937,found,50,0.0,,United Kingdom,0.0,2011-11-24,5,6,5
578473,72807B,damages,-101,0.0,,United Kingdom,-0.0,2011-11-24,6,6,5
578474,72807A,damages,-56,0.0,,United Kingdom,-0.0,2011-11-24,6,6,5
578475,72807C,damages,-149,0.0,,United Kingdom,-0.0,2011-11-24,6,6,5
578476,72807B,????missing,-124,0.0,,United Kingdom,-0.0,2011-11-24,6,6,5
578477,72807A,???missing,-224,0.0,,United Kingdom,-0.0,2011-11-24,6,6,5
578478,72807C,???missing,-428,0.0,,United Kingdom,-0.0,2011-11-24,6,6,5
578524,22810,check,-25,0.0,,United Kingdom,-0.0,2011-11-24,5,6,5
578525,22152,check,-179,0.0,,United Kingdom,-0.0,2011-11-24,5,6,5
578527,21819,check,-14,0.0,,United Kingdom,-0.0,2011-11-24,5,6,5
578528,22601,check,-20,0.0,,United Kingdom,-0.0,2011-11-24,5,6,5
578691,85034A,check,24,0.0,,United Kingdom,0.0,2011-11-25,6,6,5
578692,23157,check,212,0.0,,United Kingdom,0.0,2011-11-25,5,6,5
578700,72807A,AMAZON,1,0.0,,United Kingdom,0.0,2011-11-25,6,6,5
578733,21643,damaged,-9,0.0,,United Kingdom,-0.0,2011-11-25,5,6,5
578837,35833P,check,-24,0.0,,United Kingdom,-0.0,2011-11-25,6,6,5
578838,21591,check,-267,0.0,,United Kingdom,-0.0,2011-11-25,5,6,5
578839,22959,check,-175,0.0,,United Kingdom,-0.0,2011-11-25,5,6,5
578840,22142,check,-70,0.0,,United Kingdom,-0.0,2011-11-25,5,6,5
578930,22848,AMAZON,1,0.0,,United Kingdom,0.0,2011-11-27,5,6,5
579275,22176,amazon,1,0.0,,United Kingdom,0.0,2011-11-29,5,6,5
579429,20711,lost in space,-98,0.0,,United Kingdom,-0.0,2011-11-29,5,6,5
579563,85135C,found,36,0.0,,United Kingdom,0.0,2011-11-30,6,6,5
579680,22533,check,60,0.0,,United Kingdom,0.0,2011-11-30,5,6,5
579681,21615,check,-26,0.0,,United Kingdom,-0.0,2011-11-30,5,6,5
579682,85172,check,-145,0.0,,United Kingdom,-0.0,2011-11-30,5,6,5
579683,21868,check,-28,0.0,,United Kingdom,-0.0,2011-11-30,5,6,5
579731,35648,check,-46,0.0,,United Kingdom,-0.0,2011-11-30,5,6,5
579732,35648,check,-10,0.0,,United Kingdom,-0.0,2011-11-30,5,6,5
579733,84581,check,-41,0.0,,United Kingdom,-0.0,2011-11-30,5,6,5
579734,84859C,wet?,-153,0.0,,United Kingdom,-0.0,2011-11-30,6,6,5
579735,21793,check,-40,0.0,,United Kingdom,-0.0,2011-11-30,5,6,5
579742,85204,lost??,-1131,0.0,,United Kingdom,-0.0,2011-11-30,5,6,5
579743,21810,check,-135,0.0,,United Kingdom,-0.0,2011-11-30,5,6,5
579745,22043,check,-40,0.0,,United Kingdom,-0.0,2011-11-30,5,6,5
579755,84912B,damaged,-14,0.0,,United Kingdom,-0.0,2011-11-30,6,6,5
579873,35819B,check,18,0.0,,United Kingdom,0.0,2011-11-30,6,6,5
579879,22759,check,17,0.0,,United Kingdom,0.0,2011-11-30,5,6,5
580145,22925,AMAZON,1,0.0,,United Kingdom,0.0,2011-12-02,5,6,5
580218,22577,check,-300,0.0,,United Kingdom,-0.0,2011-12-02,5,6,5
580366,22923,FRIDGE MAGNETS LES ENFANTS ASSORTED,6,0.0,,United Kingdom,0.0,2011-12-02,5,6,5
580366,23169,CLASSIC GLASS COOKIE JAR,6,0.0,,United Kingdom,0.0,2011-12-02,5,6,5
580376,22606,check,8,0.0,,United Kingdom,0.0,2011-12-02,5,6,5
580377,84609,damages,-29,0.0,,United Kingdom,-0.0,2011-12-02,5,6,5
580378,22792,damages,-73,0.0,,United Kingdom,-0.0,2011-12-02,5,6,5
580380,21620,check,-20,0.0,,United Kingdom,-0.0,2011-12-02,5,6,5
580382,16045,check,-900,0.0,,United Kingdom,-0.0,2011-12-02,5,6,5
580383,20652,check,-37,0.0,,United Kingdom,-0.0,2011-12-02,5,6,5
580390,21888,Amazon,1,0.0,,United Kingdom,0.0,2011-12-04,5,6,5
580391,21868,Amazon,1,0.0,,United Kingdom,0.0,2011-12-04,5,6,5
580546,23406,CHECK,-21,0.0,,United Kingdom,-0.0,2011-12-05,5,6,5
580547,21201,???,-390,0.0,,United Kingdom,-0.0,2011-12-05,5,6,5
580549,84876B,found,66,0.0,,United Kingdom,0.0,2011-12-05,6,6,5
580561,22043,dotcom,-9,0.0,,United Kingdom,-0.0,2011-12-05,5,6,5
580586,21804,dotcom,4,0.0,,United Kingdom,0.0,2011-12-05,5,6,5
580609,22927,Amazon,1,0.0,,United Kingdom,0.0,2011-12-05,5,6,5
580990,21109,wet,-48,0.0,,United Kingdom,-0.0,2011-12-06,5,6,5
580991,22481,wet boxes,-288,0.0,,United Kingdom,-0.0,2011-12-06,5,6,5
581190,84801A,check,-102,0.0,,United Kingdom,-0.0,2011-12-07,6,6,5
581198,22025,check,-30,0.0,,United Kingdom,-0.0,2011-12-07,5,6,5
581200,84508C,check,-21,0.0,,United Kingdom,-0.0,2011-12-07,6,6,5
581201,22217,damages?,-155,0.0,,United Kingdom,-0.0,2011-12-07,5,6,5
581202,23404,check,41,0.0,,United Kingdom,0.0,2011-12-07,5,6,5
581204,85104,????damages????,-355,0.0,,United Kingdom,-0.0,2011-12-07,5,6,5
581205,20893,damages,-55,0.0,,United Kingdom,-0.0,2011-12-07,5,6,5
581206,21693,mixed up,-87,0.0,,United Kingdom,-0.0,2011-12-07,5,6,5
581207,21688,mixed up,-337,0.0,,United Kingdom,-0.0,2011-12-07,5,6,5
581208,72801C,check,-10,0.0,,United Kingdom,-0.0,2011-12-07,6,6,5
581210,23395,check,-26,0.0,,United Kingdom,-0.0,2011-12-07,5,6,5
581211,22142,check,14,0.0,,United Kingdom,0.0,2011-12-07,5,6,5
581212,22578,lost,-1050,0.0,,United Kingdom,-0.0,2011-12-07,5,6,5
581213,22576,check,-30,0.0,,United Kingdom,-0.0,2011-12-07,5,6,5
581226,23090,missing,-338,0.0,,United Kingdom,-0.0,2011-12-08,5,6,5
581406,46000M,POLYESTER FILLER PAD 45x45cm,240,0.0,,United Kingdom,0.0,2011-12-08,6,6,5
581406,46000S,POLYESTER FILLER PAD 40x40cm,300,0.0,,United Kingdom,0.0,2011-12-08,6,6,5
581422,23169,smashed,-235,0.0,,United Kingdom,-0.0,2011-12-08,5,6,5
